analysis_id,video_id,video_title,hook_3_seconds,pain_point,customer_type,video_structure,title_pattern,comment_trigger,viral_reason,turning_point,closing_factor,viral_score,reusability_score,analyzed_at,source_video_id
VA_dy_v001_20260720165255,dy_v001,别墅光伏安装实拍,数字对比：电费从3000降到300,城市别墅业主电费高但不知道光伏能省多少,别墅业主,痛点开场 → 方案展示 → 数据对比 → 客户见证 → 引导咨询,数字对比型：我家XX平米装了光伏，一年省了X万,评论里很多人问'我家能装吗'——制造了代入感,强数字对比 + 真实案例 + 本地信任感,第15秒展示电费账单对比,本地案例 + 可上门测量,100,80,2026-07-20T16:52:55.918373+08:00,
VA_dy_v002_20260720165255,dy_v002,阳光房光伏改造案例,场景痛点：阳光房太晒怎么办？一个方案解决两个问题,阳光房夏天太热、冬天太冷,阳光房/露台业主,场景展示 → 问题提出 → 解决方案 → 效果展示 → 引导咨询,场景痛点型：阳光房太晒？装光伏一举两得,很多人有阳光房但不知道能装光伏,差异化场景 + 一石二鸟（遮阳+发电）,第10秒展示装光伏前后的温度对比,遮阳+发电双重价值,100,80,2026-07-20T16:52:55.919445+08:00,
VA_dy_v003_20260720165255,dy_v003,家庭光伏安装流程,悬念式：光伏到底能不能省电？我用一年数据告诉你,普通家庭担心装了没用、回本慢,城市家庭,悬念开场 → 安装过程 → 数据展示 → 答疑 → CTA,疑问解答型：普通家庭装光伏，一年后我后悔了吗？,用真实数据打消疑虑，评论区变成咨询台,争议性话题 + 真实数据 + 情感共鸣,第20秒展示电费对比图,用真实用户数据建立信任,100,60,2026-07-20T16:52:55.925830+08:00,
VA_dy_v001_20260720165359,dy_v001,别墅光伏安装实拍,数字对比：电费从3000降到300,城市别墅业主电费高但不知道光伏能省多少,别墅业主,痛点开场 → 方案展示 → 数据对比 → 客户见证 → 引导咨询,数字对比型：我家XX平米装了光伏，一年省了X万,评论里很多人问'我家能装吗'——制造了代入感,强数字对比 + 真实案例 + 本地信任感,第15秒展示电费账单对比,本地案例 + 可上门测量,100,80,2026-07-20T16:53:59.373285+08:00,
VA_dy_v002_20260720165359,dy_v002,阳光房光伏改造案例,场景痛点：阳光房太晒怎么办？一个方案解决两个问题,阳光房夏天太热、冬天太冷,阳光房/露台业主,场景展示 → 问题提出 → 解决方案 → 效果展示 → 引导咨询,场景痛点型：阳光房太晒？装光伏一举两得,很多人有阳光房但不知道能装光伏,差异化场景 + 一石二鸟（遮阳+发电）,第10秒展示装光伏前后的温度对比,遮阳+发电双重价值,100,80,2026-07-20T16:53:59.374484+08:00,
VA_dy_v003_20260720165359,dy_v003,家庭光伏安装流程,悬念式：光伏到底能不能省电？我用一年数据告诉你,普通家庭担心装了没用、回本慢,城市家庭,悬念开场 → 安装过程 → 数据展示 → 答疑 → CTA,疑问解答型：普通家庭装光伏，一年后我后悔了吗？,用真实数据打消疑虑，评论区变成咨询台,争议性话题 + 真实数据 + 情感共鸣,第20秒展示电费对比图,用真实用户数据建立信任,100,60,2026-07-20T16:53:59.380608+08:00,
VA_dy_v001_20260720165424191035,dy_v001,别墅光伏安装实拍,数字对比：电费从3000降到300,城市别墅业主电费高但不知道光伏能省多少,别墅业主,痛点开场 → 方案展示 → 数据对比 → 客户见证 → 引导咨询,数字对比型：我家XX平米装了光伏，一年省了X万,评论里很多人问'我家能装吗'——制造了代入感,强数字对比 + 真实案例 + 本地信任感,第15秒展示电费账单对比,本地案例 + 可上门测量,100,80,2026-07-20T16:54:24.191012+08:00,
VA_dy_v002_20260720165424192672,dy_v002,阳光房光伏改造案例,场景痛点：阳光房太晒怎么办？一个方案解决两个问题,阳光房夏天太热、冬天太冷,阳光房/露台业主,场景展示 → 问题提出 → 解决方案 → 效果展示 → 引导咨询,场景痛点型：阳光房太晒？装光伏一举两得,很多人有阳光房但不知道能装光伏,差异化场景 + 一石二鸟（遮阳+发电）,第10秒展示装光伏前后的温度对比,遮阳+发电双重价值,100,80,2026-07-20T16:54:24.192652+08:00,
VA_dy_v003_20260720165424201803,dy_v003,家庭光伏安装流程,悬念式：光伏到底能不能省电？我用一年数据告诉你,普通家庭担心装了没用、回本慢,城市家庭,悬念开场 → 安装过程 → 数据展示 → 答疑 → CTA,疑问解答型：普通家庭装光伏，一年后我后悔了吗？,用真实数据打消疑虑，评论区变成咨询台,争议性话题 + 真实数据 + 情感共鸣,第20秒展示电费对比图,用真实用户数据建立信任,100,60,2026-07-20T16:54:24.201779+08:00,
VA_dy_v001_20260720165424207812,dy_v001,别墅光伏安装实拍,数字对比：电费从3000降到300,城市别墅业主电费高但不知道光伏能省多少,别墅业主,痛点开场 → 方案展示 → 数据对比 → 客户见证 → 引导咨询,数字对比型：我家XX平米装了光伏，一年省了X万,评论里很多人问'我家能装吗'——制造了代入感,强数字对比 + 真实案例 + 本地信任感,第15秒展示电费账单对比,本地案例 + 可上门测量,100,80,2026-07-20T16:54:24.207794+08:00,
VA_dy_v002_20260720165424208978,dy_v002,阳光房光伏改造案例,场景痛点：阳光房太晒怎么办？一个方案解决两个问题,阳光房夏天太热、冬天太冷,阳光房/露台业主,场景展示 → 问题提出 → 解决方案 → 效果展示 → 引导咨询,场景痛点型：阳光房太晒？装光伏一举两得,很多人有阳光房但不知道能装光伏,差异化场景 + 一石二鸟（遮阳+发电）,第10秒展示装光伏前后的温度对比,遮阳+发电双重价值,100,80,2026-07-20T16:54:24.208963+08:00,
VA_dy_v003_20260720165424211721,dy_v003,家庭光伏安装流程,悬念式：光伏到底能不能省电？我用一年数据告诉你,普通家庭担心装了没用、回本慢,城市家庭,悬念开场 → 安装过程 → 数据展示 → 答疑 → CTA,疑问解答型：普通家庭装光伏，一年后我后悔了吗？,用真实数据打消疑虑，评论区变成咨询台,争议性话题 + 真实数据 + 情感共鸣,第20秒展示电费对比图,用真实用户数据建立信任,100,60,2026-07-20T16:54:24.211699+08:00,
VA_dy_v001_20260720165424225661,dy_v001,别墅光伏安装实拍,数字对比：电费从3000降到300,城市别墅业主电费高但不知道光伏能省多少,别墅业主,痛点开场 → 方案展示 → 数据对比 → 客户见证 → 引导咨询,数字对比型：我家XX平米装了光伏，一年省了X万,评论里很多人问'我家能装吗'——制造了代入感,强数字对比 + 真实案例 + 本地信任感,第15秒展示电费账单对比,本地案例 + 可上门测量,100,80,2026-07-20T16:54:24.225644+08:00,
VA_dy_v002_20260720165424226821,dy_v002,阳光房光伏改造案例,场景痛点：阳光房太晒怎么办？一个方案解决两个问题,阳光房夏天太热、冬天太冷,阳光房/露台业主,场景展示 → 问题提出 → 解决方案 → 效果展示 → 引导咨询,场景痛点型：阳光房太晒？装光伏一举两得,很多人有阳光房但不知道能装光伏,差异化场景 + 一石二鸟（遮阳+发电）,第10秒展示装光伏前后的温度对比,遮阳+发电双重价值,100,80,2026-07-20T16:54:24.226806+08:00,
VA_dy_v003_20260720165424229641,dy_v003,家庭光伏安装流程,悬念式：光伏到底能不能省电？我用一年数据告诉你,普通家庭担心装了没用、回本慢,城市家庭,悬念开场 → 安装过程 → 数据展示 → 答疑 → CTA,疑问解答型：普通家庭装光伏，一年后我后悔了吗？,用真实数据打消疑虑，评论区变成咨询台,争议性话题 + 真实数据 + 情感共鸣,第20秒展示电费对比图,用真实用户数据建立信任,100,60,2026-07-20T16:54:24.229620+08:00,
VA_dy_v001_20260720165424239930,dy_v001,别墅光伏安装实拍,数字对比：电费从3000降到300,城市别墅业主电费高但不知道光伏能省多少,别墅业主,痛点开场 → 方案展示 → 数据对比 → 客户见证 → 引导咨询,数字对比型：我家XX平米装了光伏，一年省了X万,评论里很多人问'我家能装吗'——制造了代入感,强数字对比 + 真实案例 + 本地信任感,第15秒展示电费账单对比,本地案例 + 可上门测量,100,80,2026-07-20T16:54:24.239886+08:00,
VA_dy_v002_20260720165424241879,dy_v002,阳光房光伏改造案例,场景痛点：阳光房太晒怎么办？一个方案解决两个问题,阳光房夏天太热、冬天太冷,阳光房/露台业主,场景展示 → 问题提出 → 解决方案 → 效果展示 → 引导咨询,场景痛点型：阳光房太晒？装光伏一举两得,很多人有阳光房但不知道能装光伏,差异化场景 + 一石二鸟（遮阳+发电）,第10秒展示装光伏前后的温度对比,遮阳+发电双重价值,100,80,2026-07-20T16:54:24.241861+08:00,
VA_dy_v003_20260720165424244903,dy_v003,家庭光伏安装流程,悬念式：光伏到底能不能省电？我用一年数据告诉你,普通家庭担心装了没用、回本慢,城市家庭,悬念开场 → 安装过程 → 数据展示 → 答疑 → CTA,疑问解答型：普通家庭装光伏，一年后我后悔了吗？,用真实数据打消疑虑，评论区变成咨询台,争议性话题 + 真实数据 + 情感共鸣,第20秒展示电费对比图,用真实用户数据建立信任,100,60,2026-07-20T16:54:24.244882+08:00,
VA_dy_v001_20260720165424252854,dy_v001,别墅光伏安装实拍,数字对比：电费从3000降到300,城市别墅业主电费高但不知道光伏能省多少,别墅业主,痛点开场 → 方案展示 → 数据对比 → 客户见证 → 引导咨询,数字对比型：我家XX平米装了光伏，一年省了X万,评论里很多人问'我家能装吗'——制造了代入感,强数字对比 + 真实案例 + 本地信任感,第15秒展示电费账单对比,本地案例 + 可上门测量,100,80,2026-07-20T16:54:24.252832+08:00,
VA_dy_v002_20260720165424255859,dy_v002,阳光房光伏改造案例,场景痛点：阳光房太晒怎么办？一个方案解决两个问题,阳光房夏天太热、冬天太冷,阳光房/露台业主,场景展示 → 问题提出 → 解决方案 → 效果展示 → 引导咨询,场景痛点型：阳光房太晒？装光伏一举两得,很多人有阳光房但不知道能装光伏,差异化场景 + 一石二鸟（遮阳+发电）,第10秒展示装光伏前后的温度对比,遮阳+发电双重价值,100,80,2026-07-20T16:54:24.255750+08:00,
VA_dy_v003_20260720165424258214,dy_v003,家庭光伏安装流程,悬念式：光伏到底能不能省电？我用一年数据告诉你,普通家庭担心装了没用、回本慢,城市家庭,悬念开场 → 安装过程 → 数据展示 → 答疑 → CTA,疑问解答型：普通家庭装光伏，一年后我后悔了吗？,用真实数据打消疑虑，评论区变成咨询台,争议性话题 + 真实数据 + 情感共鸣,第20秒展示电费对比图,用真实用户数据建立信任,100,60,2026-07-20T16:54:24.258196+08:00,
VA_dy_v001_20260720165424351427,dy_v001,别墅光伏安装实拍,数字对比：电费从3000降到300,城市别墅业主电费高但不知道光伏能省多少,别墅业主,痛点开场 → 方案展示 → 数据对比 → 客户见证 → 引导咨询,数字对比型：我家XX平米装了光伏，一年省了X万,评论里很多人问'我家能装吗'——制造了代入感,强数字对比 + 真实案例 + 本地信任感,第15秒展示电费账单对比,本地案例 + 可上门测量,100,80,2026-07-20T16:54:24.351413+08:00,
VA_dy_v002_20260720165424353535,dy_v002,阳光房光伏改造案例,场景痛点：阳光房太晒怎么办？一个方案解决两个问题,阳光房夏天太热、冬天太冷,阳光房/露台业主,场景展示 → 问题提出 → 解决方案 → 效果展示 → 引导咨询,场景痛点型：阳光房太晒？装光伏一举两得,很多人有阳光房但不知道能装光伏,差异化场景 + 一石二鸟（遮阳+发电）,第10秒展示装光伏前后的温度对比,遮阳+发电双重价值,100,80,2026-07-20T16:54:24.353506+08:00,
VA_dy_v003_20260720165424359419,dy_v003,家庭光伏安装流程,悬念式：光伏到底能不能省电？我用一年数据告诉你,普通家庭担心装了没用、回本慢,城市家庭,悬念开场 → 安装过程 → 数据展示 → 答疑 → CTA,疑问解答型：普通家庭装光伏，一年后我后悔了吗？,用真实数据打消疑虑，评论区变成咨询台,争议性话题 + 真实数据 + 情感共鸣,第20秒展示电费对比图,用真实用户数据建立信任,100,60,2026-07-20T16:54:24.359391+08:00,
VA_dy_v001_20260720165424364008,dy_v001,别墅光伏安装实拍,数字对比：电费从3000降到300,城市别墅业主电费高但不知道光伏能省多少,别墅业主,痛点开场 → 方案展示 → 数据对比 → 客户见证 → 引导咨询,数字对比型：我家XX平米装了光伏，一年省了X万,评论里很多人问'我家能装吗'——制造了代入感,强数字对比 + 真实案例 + 本地信任感,第15秒展示电费账单对比,本地案例 + 可上门测量,100,80,2026-07-20T16:54:24.363992+08:00,
VA_dy_v002_20260720165424367055,dy_v002,阳光房光伏改造案例,场景痛点：阳光房太晒怎么办？一个方案解决两个问题,阳光房夏天太热、冬天太冷,阳光房/露台业主,场景展示 → 问题提出 → 解决方案 → 效果展示 → 引导咨询,场景痛点型：阳光房太晒？装光伏一举两得,很多人有阳光房但不知道能装光伏,差异化场景 + 一石二鸟（遮阳+发电）,第10秒展示装光伏前后的温度对比,遮阳+发电双重价值,100,80,2026-07-20T16:54:24.367028+08:00,
VA_dy_v003_20260720165424370694,dy_v003,家庭光伏安装流程,悬念式：光伏到底能不能省电？我用一年数据告诉你,普通家庭担心装了没用、回本慢,城市家庭,悬念开场 → 安装过程 → 数据展示 → 答疑 → CTA,疑问解答型：普通家庭装光伏，一年后我后悔了吗？,用真实数据打消疑虑，评论区变成咨询台,争议性话题 + 真实数据 + 情感共鸣,第20秒展示电费对比图,用真实用户数据建立信任,100,60,2026-07-20T16:54:24.370665+08:00,
VA_dy_v001_20260720165424376827,dy_v001,别墅光伏安装实拍,数字对比：电费从3000降到300,城市别墅业主电费高但不知道光伏能省多少,别墅业主,痛点开场 → 方案展示 → 数据对比 → 客户见证 → 引导咨询,数字对比型：我家XX平米装了光伏，一年省了X万,评论里很多人问'我家能装吗'——制造了代入感,强数字对比 + 真实案例 + 本地信任感,第15秒展示电费账单对比,本地案例 + 可上门测量,100,80,2026-07-20T16:54:24.376811+08:00,
VA_dy_v002_20260720165424378651,dy_v002,阳光房光伏改造案例,场景痛点：阳光房太晒怎么办？一个方案解决两个问题,阳光房夏天太热、冬天太冷,阳光房/露台业主,场景展示 → 问题提出 → 解决方案 → 效果展示 → 引导咨询,场景痛点型：阳光房太晒？装光伏一举两得,很多人有阳光房但不知道能装光伏,差异化场景 + 一石二鸟（遮阳+发电）,第10秒展示装光伏前后的温度对比,遮阳+发电双重价值,100,80,2026-07-20T16:54:24.378572+08:00,
VA_dy_v003_20260720165424382410,dy_v003,家庭光伏安装流程,悬念式：光伏到底能不能省电？我用一年数据告诉你,普通家庭担心装了没用、回本慢,城市家庭,悬念开场 → 安装过程 → 数据展示 → 答疑 → CTA,疑问解答型：普通家庭装光伏，一年后我后悔了吗？,用真实数据打消疑虑，评论区变成咨询台,争议性话题 + 真实数据 + 情感共鸣,第20秒展示电费对比图,用真实用户数据建立信任,100,60,2026-07-20T16:54:24.382389+08:00,
VA_dy_v001_20260720165424393529,dy_v001,别墅光伏安装实拍,数字对比：电费从3000降到300,城市别墅业主电费高但不知道光伏能省多少,别墅业主,痛点开场 → 方案展示 → 数据对比 → 客户见证 → 引导咨询,数字对比型：我家XX平米装了光伏，一年省了X万,评论里很多人问'我家能装吗'——制造了代入感,强数字对比 + 真实案例 + 本地信任感,第15秒展示电费账单对比,本地案例 + 可上门测量,100,80,2026-07-20T16:54:24.393504+08:00,
VA_dy_v002_20260720165424395584,dy_v002,阳光房光伏改造案例,场景痛点：阳光房太晒怎么办？一个方案解决两个问题,阳光房夏天太热、冬天太冷,阳光房/露台业主,场景展示 → 问题提出 → 解决方案 → 效果展示 → 引导咨询,场景痛点型：阳光房太晒？装光伏一举两得,很多人有阳光房但不知道能装光伏,差异化场景 + 一石二鸟（遮阳+发电）,第10秒展示装光伏前后的温度对比,遮阳+发电双重价值,100,80,2026-07-20T16:54:24.395567+08:00,
VA_dy_v003_20260720165424398452,dy_v003,家庭光伏安装流程,悬念式：光伏到底能不能省电？我用一年数据告诉你,普通家庭担心装了没用、回本慢,城市家庭,悬念开场 → 安装过程 → 数据展示 → 答疑 → CTA,疑问解答型：普通家庭装光伏，一年后我后悔了吗？,用真实数据打消疑虑，评论区变成咨询台,争议性话题 + 真实数据 + 情感共鸣,第20秒展示电费对比图,用真实用户数据建立信任,100,60,2026-07-20T16:54:24.398434+08:00,
VA_dy_v001_20260720165424409569,dy_v001,别墅光伏安装实拍,数字对比：电费从3000降到300,城市别墅业主电费高但不知道光伏能省多少,别墅业主,痛点开场 → 方案展示 → 数据对比 → 客户见证 → 引导咨询,数字对比型：我家XX平米装了光伏，一年省了X万,评论里很多人问'我家能装吗'——制造了代入感,强数字对比 + 真实案例 + 本地信任感,第15秒展示电费账单对比,本地案例 + 可上门测量,100,80,2026-07-20T16:54:24.409544+08:00,
VA_dy_v002_20260720165424411877,dy_v002,阳光房光伏改造案例,场景痛点：阳光房太晒怎么办？一个方案解决两个问题,阳光房夏天太热、冬天太冷,阳光房/露台业主,场景展示 → 问题提出 → 解决方案 → 效果展示 → 引导咨询,场景痛点型：阳光房太晒？装光伏一举两得,很多人有阳光房但不知道能装光伏,差异化场景 + 一石二鸟（遮阳+发电）,第10秒展示装光伏前后的温度对比,遮阳+发电双重价值,100,80,2026-07-20T16:54:24.411860+08:00,
VA_dy_v003_20260720165424414676,dy_v003,家庭光伏安装流程,悬念式：光伏到底能不能省电？我用一年数据告诉你,普通家庭担心装了没用、回本慢,城市家庭,悬念开场 → 安装过程 → 数据展示 → 答疑 → CTA,疑问解答型：普通家庭装光伏，一年后我后悔了吗？,用真实数据打消疑虑，评论区变成咨询台,争议性话题 + 真实数据 + 情感共鸣,第20秒展示电费对比图,用真实用户数据建立信任,100,60,2026-07-20T16:54:24.414658+08:00,
VA_dy_v001_20260720165434371585,dy_v001,别墅光伏安装实拍,数字对比：电费从3000降到300,城市别墅业主电费高但不知道光伏能省多少,别墅业主,痛点开场 → 方案展示 → 数据对比 → 客户见证 → 引导咨询,数字对比型：我家XX平米装了光伏，一年省了X万,评论里很多人问'我家能装吗'——制造了代入感,强数字对比 + 真实案例 + 本地信任感,第15秒展示电费账单对比,本地案例 + 可上门测量,100,80,2026-07-20T16:54:34.371566+08:00,
VA_dy_v002_20260720165434373583,dy_v002,阳光房光伏改造案例,场景痛点：阳光房太晒怎么办？一个方案解决两个问题,阳光房夏天太热、冬天太冷,阳光房/露台业主,场景展示 → 问题提出 → 解决方案 → 效果展示 → 引导咨询,场景痛点型：阳光房太晒？装光伏一举两得,很多人有阳光房但不知道能装光伏,差异化场景 + 一石二鸟（遮阳+发电）,第10秒展示装光伏前后的温度对比,遮阳+发电双重价值,100,80,2026-07-20T16:54:34.373438+08:00,
VA_dy_v003_20260720165434376268,dy_v003,家庭光伏安装流程,悬念式：光伏到底能不能省电？我用一年数据告诉你,普通家庭担心装了没用、回本慢,城市家庭,悬念开场 → 安装过程 → 数据展示 → 答疑 → CTA,疑问解答型：普通家庭装光伏，一年后我后悔了吗？,用真实数据打消疑虑，评论区变成咨询台,争议性话题 + 真实数据 + 情感共鸣,第20秒展示电费对比图,用真实用户数据建立信任,100,60,2026-07-20T16:54:34.376249+08:00,
VA_dy_v001_20260720165434380993,dy_v001,别墅光伏安装实拍,数字对比：电费从3000降到300,城市别墅业主电费高但不知道光伏能省多少,别墅业主,痛点开场 → 方案展示 → 数据对比 → 客户见证 → 引导咨询,数字对比型：我家XX平米装了光伏，一年省了X万,评论里很多人问'我家能装吗'——制造了代入感,强数字对比 + 真实案例 + 本地信任感,第15秒展示电费账单对比,本地案例 + 可上门测量,100,80,2026-07-20T16:54:34.380976+08:00,
VA_dy_v002_20260720165434386302,dy_v002,阳光房光伏改造案例,场景痛点：阳光房太晒怎么办？一个方案解决两个问题,阳光房夏天太热、冬天太冷,阳光房/露台业主,场景展示 → 问题提出 → 解决方案 → 效果展示 → 引导咨询,场景痛点型：阳光房太晒？装光伏一举两得,很多人有阳光房但不知道能装光伏,差异化场景 + 一石二鸟（遮阳+发电）,第10秒展示装光伏前后的温度对比,遮阳+发电双重价值,100,80,2026-07-20T16:54:34.386255+08:00,
VA_dy_v003_20260720165434392122,dy_v003,家庭光伏安装流程,悬念式：光伏到底能不能省电？我用一年数据告诉你,普通家庭担心装了没用、回本慢,城市家庭,悬念开场 → 安装过程 → 数据展示 → 答疑 → CTA,疑问解答型：普通家庭装光伏，一年后我后悔了吗？,用真实数据打消疑虑，评论区变成咨询台,争议性话题 + 真实数据 + 情感共鸣,第20秒展示电费对比图,用真实用户数据建立信任,100,60,2026-07-20T16:54:34.391831+08:00,
VA_dy_v001_20260720165434401344,dy_v001,别墅光伏安装实拍,数字对比：电费从3000降到300,城市别墅业主电费高但不知道光伏能省多少,别墅业主,痛点开场 → 方案展示 → 数据对比 → 客户见证 → 引导咨询,数字对比型：我家XX平米装了光伏，一年省了X万,评论里很多人问'我家能装吗'——制造了代入感,强数字对比 + 真实案例 + 本地信任感,第15秒展示电费账单对比,本地案例 + 可上门测量,100,80,2026-07-20T16:54:34.401322+08:00,
VA_dy_v002_20260720165434405330,dy_v002,阳光房光伏改造案例,场景痛点：阳光房太晒怎么办？一个方案解决两个问题,阳光房夏天太热、冬天太冷,阳光房/露台业主,场景展示 → 问题提出 → 解决方案 → 效果展示 → 引导咨询,场景痛点型：阳光房太晒？装光伏一举两得,很多人有阳光房但不知道能装光伏,差异化场景 + 一石二鸟（遮阳+发电）,第10秒展示装光伏前后的温度对比,遮阳+发电双重价值,100,80,2026-07-20T16:54:34.405282+08:00,
VA_dy_v003_20260720165434409633,dy_v003,家庭光伏安装流程,悬念式：光伏到底能不能省电？我用一年数据告诉你,普通家庭担心装了没用、回本慢,城市家庭,悬念开场 → 安装过程 → 数据展示 → 答疑 → CTA,疑问解答型：普通家庭装光伏，一年后我后悔了吗？,用真实数据打消疑虑，评论区变成咨询台,争议性话题 + 真实数据 + 情感共鸣,第20秒展示电费对比图,用真实用户数据建立信任,100,60,2026-07-20T16:54:34.409609+08:00,
VA_dy_v001_20260720165434418088,dy_v001,别墅光伏安装实拍,数字对比：电费从3000降到300,城市别墅业主电费高但不知道光伏能省多少,别墅业主,痛点开场 → 方案展示 → 数据对比 → 客户见证 → 引导咨询,数字对比型：我家XX平米装了光伏，一年省了X万,评论里很多人问'我家能装吗'——制造了代入感,强数字对比 + 真实案例 + 本地信任感,第15秒展示电费账单对比,本地案例 + 可上门测量,100,80,2026-07-20T16:54:34.418063+08:00,
VA_dy_v002_20260720165434421108,dy_v002,阳光房光伏改造案例,场景痛点：阳光房太晒怎么办？一个方案解决两个问题,阳光房夏天太热、冬天太冷,阳光房/露台业主,场景展示 → 问题提出 → 解决方案 → 效果展示 → 引导咨询,场景痛点型：阳光房太晒？装光伏一举两得,很多人有阳光房但不知道能装光伏,差异化场景 + 一石二鸟（遮阳+发电）,第10秒展示装光伏前后的温度对比,遮阳+发电双重价值,100,80,2026-07-20T16:54:34.421074+08:00,
VA_dy_v003_20260720165434429118,dy_v003,家庭光伏安装流程,悬念式：光伏到底能不能省电？我用一年数据告诉你,普通家庭担心装了没用、回本慢,城市家庭,悬念开场 → 安装过程 → 数据展示 → 答疑 → CTA,疑问解答型：普通家庭装光伏，一年后我后悔了吗？,用真实数据打消疑虑，评论区变成咨询台,争议性话题 + 真实数据 + 情感共鸣,第20秒展示电费对比图,用真实用户数据建立信任,100,60,2026-07-20T16:54:34.429088+08:00,
VA_dy_v001_20260720165434439549,dy_v001,别墅光伏安装实拍,数字对比：电费从3000降到300,城市别墅业主电费高但不知道光伏能省多少,别墅业主,痛点开场 → 方案展示 → 数据对比 → 客户见证 → 引导咨询,数字对比型：我家XX平米装了光伏，一年省了X万,评论里很多人问'我家能装吗'——制造了代入感,强数字对比 + 真实案例 + 本地信任感,第15秒展示电费账单对比,本地案例 + 可上门测量,100,80,2026-07-20T16:54:34.439515+08:00,
VA_dy_v002_20260720165434444290,dy_v002,阳光房光伏改造案例,场景痛点：阳光房太晒怎么办？一个方案解决两个问题,阳光房夏天太热、冬天太冷,阳光房/露台业主,场景展示 → 问题提出 → 解决方案 → 效果展示 → 引导咨询,场景痛点型：阳光房太晒？装光伏一举两得,很多人有阳光房但不知道能装光伏,差异化场景 + 一石二鸟（遮阳+发电）,第10秒展示装光伏前后的温度对比,遮阳+发电双重价值,100,80,2026-07-20T16:54:34.444260+08:00,
VA_dy_v003_20260720165434448868,dy_v003,家庭光伏安装流程,悬念式：光伏到底能不能省电？我用一年数据告诉你,普通家庭担心装了没用、回本慢,城市家庭,悬念开场 → 安装过程 → 数据展示 → 答疑 → CTA,疑问解答型：普通家庭装光伏，一年后我后悔了吗？,用真实数据打消疑虑，评论区变成咨询台,争议性话题 + 真实数据 + 情感共鸣,第20秒展示电费对比图,用真实用户数据建立信任,100,60,2026-07-20T16:54:34.448830+08:00,
VA_dy_v001_20260720165434565026,dy_v001,别墅光伏安装实拍,数字对比：电费从3000降到300,城市别墅业主电费高但不知道光伏能省多少,别墅业主,痛点开场 → 方案展示 → 数据对比 → 客户见证 → 引导咨询,数字对比型：我家XX平米装了光伏，一年省了X万,评论里很多人问'我家能装吗'——制造了代入感,强数字对比 + 真实案例 + 本地信任感,第15秒展示电费账单对比,本地案例 + 可上门测量,100,80,2026-07-20T16:54:34.564998+08:00,
VA_dy_v002_20260720165434570964,dy_v002,阳光房光伏改造案例,场景痛点：阳光房太晒怎么办？一个方案解决两个问题,阳光房夏天太热、冬天太冷,阳光房/露台业主,场景展示 → 问题提出 → 解决方案 → 效果展示 → 引导咨询,场景痛点型：阳光房太晒？装光伏一举两得,很多人有阳光房但不知道能装光伏,差异化场景 + 一石二鸟（遮阳+发电）,第10秒展示装光伏前后的温度对比,遮阳+发电双重价值,100,80,2026-07-20T16:54:34.570929+08:00,
VA_dy_v003_20260720165434576627,dy_v003,家庭光伏安装流程,悬念式：光伏到底能不能省电？我用一年数据告诉你,普通家庭担心装了没用、回本慢,城市家庭,悬念开场 → 安装过程 → 数据展示 → 答疑 → CTA,疑问解答型：普通家庭装光伏，一年后我后悔了吗？,用真实数据打消疑虑，评论区变成咨询台,争议性话题 + 真实数据 + 情感共鸣,第20秒展示电费对比图,用真实用户数据建立信任,100,60,2026-07-20T16:54:34.576592+08:00,
VA_dy_v001_20260720165434606217,dy_v001,别墅光伏安装实拍,数字对比：电费从3000降到300,城市别墅业主电费高但不知道光伏能省多少,别墅业主,痛点开场 → 方案展示 → 数据对比 → 客户见证 → 引导咨询,数字对比型：我家XX平米装了光伏，一年省了X万,评论里很多人问'我家能装吗'——制造了代入感,强数字对比 + 真实案例 + 本地信任感,第15秒展示电费账单对比,本地案例 + 可上门测量,100,80,2026-07-20T16:54:34.606185+08:00,
VA_dy_v002_20260720165434613133,dy_v002,阳光房光伏改造案例,场景痛点：阳光房太晒怎么办？一个方案解决两个问题,阳光房夏天太热、冬天太冷,阳光房/露台业主,场景展示 → 问题提出 → 解决方案 → 效果展示 → 引导咨询,场景痛点型：阳光房太晒？装光伏一举两得,很多人有阳光房但不知道能装光伏,差异化场景 + 一石二鸟（遮阳+发电）,第10秒展示装光伏前后的温度对比,遮阳+发电双重价值,100,80,2026-07-20T16:54:34.613099+08:00,
VA_dy_v003_20260720165434625094,dy_v003,家庭光伏安装流程,悬念式：光伏到底能不能省电？我用一年数据告诉你,普通家庭担心装了没用、回本慢,城市家庭,悬念开场 → 安装过程 → 数据展示 → 答疑 → CTA,疑问解答型：普通家庭装光伏，一年后我后悔了吗？,用真实数据打消疑虑，评论区变成咨询台,争议性话题 + 真实数据 + 情感共鸣,第20秒展示电费对比图,用真实用户数据建立信任,100,60,2026-07-20T16:54:34.625061+08:00,
VA_dy_v001_20260720165434636241,dy_v001,别墅光伏安装实拍,数字对比：电费从3000降到300,城市别墅业主电费高但不知道光伏能省多少,别墅业主,痛点开场 → 方案展示 → 数据对比 → 客户见证 → 引导咨询,数字对比型：我家XX平米装了光伏，一年省了X万,评论里很多人问'我家能装吗'——制造了代入感,强数字对比 + 真实案例 + 本地信任感,第15秒展示电费账单对比,本地案例 + 可上门测量,100,80,2026-07-20T16:54:34.636201+08:00,
VA_dy_v002_20260720165434640677,dy_v002,阳光房光伏改造案例,场景痛点：阳光房太晒怎么办？一个方案解决两个问题,阳光房夏天太热、冬天太冷,阳光房/露台业主,场景展示 → 问题提出 → 解决方案 → 效果展示 → 引导咨询,场景痛点型：阳光房太晒？装光伏一举两得,很多人有阳光房但不知道能装光伏,差异化场景 + 一石二鸟（遮阳+发电）,第10秒展示装光伏前后的温度对比,遮阳+发电双重价值,100,80,2026-07-20T16:54:34.640641+08:00,
VA_dy_v003_20260720165434644324,dy_v003,家庭光伏安装流程,悬念式：光伏到底能不能省电？我用一年数据告诉你,普通家庭担心装了没用、回本慢,城市家庭,悬念开场 → 安装过程 → 数据展示 → 答疑 → CTA,疑问解答型：普通家庭装光伏，一年后我后悔了吗？,用真实数据打消疑虑，评论区变成咨询台,争议性话题 + 真实数据 + 情感共鸣,第20秒展示电费对比图,用真实用户数据建立信任,100,60,2026-07-20T16:54:34.644296+08:00,
VA_dy_v001_20260720165434663641,dy_v001,别墅光伏安装实拍,数字对比：电费从3000降到300,城市别墅业主电费高但不知道光伏能省多少,别墅业主,痛点开场 → 方案展示 → 数据对比 → 客户见证 → 引导咨询,数字对比型：我家XX平米装了光伏，一年省了X万,评论里很多人问'我家能装吗'——制造了代入感,强数字对比 + 真实案例 + 本地信任感,第15秒展示电费账单对比,本地案例 + 可上门测量,100,80,2026-07-20T16:54:34.663605+08:00,
VA_dy_v002_20260720165434669220,dy_v002,阳光房光伏改造案例,场景痛点：阳光房太晒怎么办？一个方案解决两个问题,阳光房夏天太热、冬天太冷,阳光房/露台业主,场景展示 → 问题提出 → 解决方案 → 效果展示 → 引导咨询,场景痛点型：阳光房太晒？装光伏一举两得,很多人有阳光房但不知道能装光伏,差异化场景 + 一石二鸟（遮阳+发电）,第10秒展示装光伏前后的温度对比,遮阳+发电双重价值,100,80,2026-07-20T16:54:34.669174+08:00,
VA_dy_v003_20260720165434673982,dy_v003,家庭光伏安装流程,悬念式：光伏到底能不能省电？我用一年数据告诉你,普通家庭担心装了没用、回本慢,城市家庭,悬念开场 → 安装过程 → 数据展示 → 答疑 → CTA,疑问解答型：普通家庭装光伏，一年后我后悔了吗？,用真实数据打消疑虑，评论区变成咨询台,争议性话题 + 真实数据 + 情感共鸣,第20秒展示电费对比图,用真实用户数据建立信任,100,60,2026-07-20T16:54:34.673954+08:00,
VA_dy_v001_20260720165434689281,dy_v001,别墅光伏安装实拍,数字对比：电费从3000降到300,城市别墅业主电费高但不知道光伏能省多少,别墅业主,痛点开场 → 方案展示 → 数据对比 → 客户见证 → 引导咨询,数字对比型：我家XX平米装了光伏，一年省了X万,评论里很多人问'我家能装吗'——制造了代入感,强数字对比 + 真实案例 + 本地信任感,第15秒展示电费账单对比,本地案例 + 可上门测量,100,80,2026-07-20T16:54:34.689250+08:00,
VA_dy_v002_20260720165434698383,dy_v002,阳光房光伏改造案例,场景痛点：阳光房太晒怎么办？一个方案解决两个问题,阳光房夏天太热、冬天太冷,阳光房/露台业主,场景展示 → 问题提出 → 解决方案 → 效果展示 → 引导咨询,场景痛点型：阳光房太晒？装光伏一举两得,很多人有阳光房但不知道能装光伏,差异化场景 + 一石二鸟（遮阳+发电）,第10秒展示装光伏前后的温度对比,遮阳+发电双重价值,100,80,2026-07-20T16:54:34.698353+08:00,
VA_dy_v003_20260720165434706889,dy_v003,家庭光伏安装流程,悬念式：光伏到底能不能省电？我用一年数据告诉你,普通家庭担心装了没用、回本慢,城市家庭,悬念开场 → 安装过程 → 数据展示 → 答疑 → CTA,疑问解答型：普通家庭装光伏，一年后我后悔了吗？,用真实数据打消疑虑，评论区变成咨询台,争议性话题 + 真实数据 + 情感共鸣,第20秒展示电费对比图,用真实用户数据建立信任,100,60,2026-07-20T16:54:34.706845+08:00,
VA_dy_v001_20260720170341316094,dy_v001,别墅光伏安装实拍,数字对比：电费从3000降到300,城市别墅业主电费高但不知道光伏能省多少,别墅业主,痛点开场 → 方案展示 → 数据对比 → 客户见证 → 引导咨询,数字对比型：我家XX平米装了光伏，一年省了X万,评论里很多人问'我家能装吗'——制造了代入感,强数字对比 + 真实案例 + 本地信任感,第15秒展示电费账单对比,本地案例 + 可上门测量,100,80,2026-07-20T17:03:41.316074+08:00,
VA_dy_v002_20260720170341321334,dy_v002,阳光房光伏改造案例,场景痛点：阳光房太晒怎么办？一个方案解决两个问题,阳光房夏天太热、冬天太冷,阳光房/露台业主,场景展示 → 问题提出 → 解决方案 → 效果展示 → 引导咨询,场景痛点型：阳光房太晒？装光伏一举两得,很多人有阳光房但不知道能装光伏,差异化场景 + 一石二鸟（遮阳+发电）,第10秒展示装光伏前后的温度对比,遮阳+发电双重价值,100,80,2026-07-20T17:03:41.321314+08:00,
VA_dy_v003_20260720170341329176,dy_v003,家庭光伏安装流程,悬念式：光伏到底能不能省电？我用一年数据告诉你,普通家庭担心装了没用、回本慢,城市家庭,悬念开场 → 安装过程 → 数据展示 → 答疑 → CTA,疑问解答型：普通家庭装光伏，一年后我后悔了吗？,用真实数据打消疑虑，评论区变成咨询台,争议性话题 + 真实数据 + 情感共鸣,第20秒展示电费对比图,用真实用户数据建立信任,100,60,2026-07-20T17:03:41.329156+08:00,
VA_dy_v001_20260720170341334081,dy_v001,别墅光伏安装实拍,数字对比：电费从3000降到300,城市别墅业主电费高但不知道光伏能省多少,别墅业主,痛点开场 → 方案展示 → 数据对比 → 客户见证 → 引导咨询,数字对比型：我家XX平米装了光伏，一年省了X万,评论里很多人问'我家能装吗'——制造了代入感,强数字对比 + 真实案例 + 本地信任感,第15秒展示电费账单对比,本地案例 + 可上门测量,100,80,2026-07-20T17:03:41.334053+08:00,
VA_dy_v002_20260720170341338458,dy_v002,阳光房光伏改造案例,场景痛点：阳光房太晒怎么办？一个方案解决两个问题,阳光房夏天太热、冬天太冷,阳光房/露台业主,场景展示 → 问题提出 → 解决方案 → 效果展示 → 引导咨询,场景痛点型：阳光房太晒？装光伏一举两得,很多人有阳光房但不知道能装光伏,差异化场景 + 一石二鸟（遮阳+发电）,第10秒展示装光伏前后的温度对比,遮阳+发电双重价值,100,80,2026-07-20T17:03:41.338438+08:00,
VA_dy_v003_20260720170341345893,dy_v003,家庭光伏安装流程,悬念式：光伏到底能不能省电？我用一年数据告诉你,普通家庭担心装了没用、回本慢,城市家庭,悬念开场 → 安装过程 → 数据展示 → 答疑 → CTA,疑问解答型：普通家庭装光伏，一年后我后悔了吗？,用真实数据打消疑虑，评论区变成咨询台,争议性话题 + 真实数据 + 情感共鸣,第20秒展示电费对比图,用真实用户数据建立信任,100,60,2026-07-20T17:03:41.345872+08:00,
VA_dy_v001_20260720170341354840,dy_v001,别墅光伏安装实拍,数字对比：电费从3000降到300,城市别墅业主电费高但不知道光伏能省多少,别墅业主,痛点开场 → 方案展示 → 数据对比 → 客户见证 → 引导咨询,数字对比型：我家XX平米装了光伏，一年省了X万,评论里很多人问'我家能装吗'——制造了代入感,强数字对比 + 真实案例 + 本地信任感,第15秒展示电费账单对比,本地案例 + 可上门测量,100,80,2026-07-20T17:03:41.354820+08:00,
VA_dy_v002_20260720170341358744,dy_v002,阳光房光伏改造案例,场景痛点：阳光房太晒怎么办？一个方案解决两个问题,阳光房夏天太热、冬天太冷,阳光房/露台业主,场景展示 → 问题提出 → 解决方案 → 效果展示 → 引导咨询,场景痛点型：阳光房太晒？装光伏一举两得,很多人有阳光房但不知道能装光伏,差异化场景 + 一石二鸟（遮阳+发电）,第10秒展示装光伏前后的温度对比,遮阳+发电双重价值,100,80,2026-07-20T17:03:41.358708+08:00,
VA_dy_v003_20260720170341366367,dy_v003,家庭光伏安装流程,悬念式：光伏到底能不能省电？我用一年数据告诉你,普通家庭担心装了没用、回本慢,城市家庭,悬念开场 → 安装过程 → 数据展示 → 答疑 → CTA,疑问解答型：普通家庭装光伏，一年后我后悔了吗？,用真实数据打消疑虑，评论区变成咨询台,争议性话题 + 真实数据 + 情感共鸣,第20秒展示电费对比图,用真实用户数据建立信任,100,60,2026-07-20T17:03:41.366346+08:00,
VA_dy_v001_20260720170341377708,dy_v001,别墅光伏安装实拍,数字对比：电费从3000降到300,城市别墅业主电费高但不知道光伏能省多少,别墅业主,痛点开场 → 方案展示 → 数据对比 → 客户见证 → 引导咨询,数字对比型：我家XX平米装了光伏，一年省了X万,评论里很多人问'我家能装吗'——制造了代入感,强数字对比 + 真实案例 + 本地信任感,第15秒展示电费账单对比,本地案例 + 可上门测量,100,80,2026-07-20T17:03:41.377661+08:00,
VA_dy_v002_20260720170341381969,dy_v002,阳光房光伏改造案例,场景痛点：阳光房太晒怎么办？一个方案解决两个问题,阳光房夏天太热、冬天太冷,阳光房/露台业主,场景展示 → 问题提出 → 解决方案 → 效果展示 → 引导咨询,场景痛点型：阳光房太晒？装光伏一举两得,很多人有阳光房但不知道能装光伏,差异化场景 + 一石二鸟（遮阳+发电）,第10秒展示装光伏前后的温度对比,遮阳+发电双重价值,100,80,2026-07-20T17:03:41.381936+08:00,
VA_dy_v003_20260720170341387087,dy_v003,家庭光伏安装流程,悬念式：光伏到底能不能省电？我用一年数据告诉你,普通家庭担心装了没用、回本慢,城市家庭,悬念开场 → 安装过程 → 数据展示 → 答疑 → CTA,疑问解答型：普通家庭装光伏，一年后我后悔了吗？,用真实数据打消疑虑，评论区变成咨询台,争议性话题 + 真实数据 + 情感共鸣,第20秒展示电费对比图,用真实用户数据建立信任,100,60,2026-07-20T17:03:41.387061+08:00,
VA_dy_v001_20260720170341396892,dy_v001,别墅光伏安装实拍,数字对比：电费从3000降到300,城市别墅业主电费高但不知道光伏能省多少,别墅业主,痛点开场 → 方案展示 → 数据对比 → 客户见证 → 引导咨询,数字对比型：我家XX平米装了光伏，一年省了X万,评论里很多人问'我家能装吗'——制造了代入感,强数字对比 + 真实案例 + 本地信任感,第15秒展示电费账单对比,本地案例 + 可上门测量,100,80,2026-07-20T17:03:41.396860+08:00,
VA_dy_v002_20260720170341401820,dy_v002,阳光房光伏改造案例,场景痛点：阳光房太晒怎么办？一个方案解决两个问题,阳光房夏天太热、冬天太冷,阳光房/露台业主,场景展示 → 问题提出 → 解决方案 → 效果展示 → 引导咨询,场景痛点型：阳光房太晒？装光伏一举两得,很多人有阳光房但不知道能装光伏,差异化场景 + 一石二鸟（遮阳+发电）,第10秒展示装光伏前后的温度对比,遮阳+发电双重价值,100,80,2026-07-20T17:03:41.401787+08:00,
VA_dy_v003_20260720170341407252,dy_v003,家庭光伏安装流程,悬念式：光伏到底能不能省电？我用一年数据告诉你,普通家庭担心装了没用、回本慢,城市家庭,悬念开场 → 安装过程 → 数据展示 → 答疑 → CTA,疑问解答型：普通家庭装光伏，一年后我后悔了吗？,用真实数据打消疑虑，评论区变成咨询台,争议性话题 + 真实数据 + 情感共鸣,第20秒展示电费对比图,用真实用户数据建立信任,100,60,2026-07-20T17:03:41.407179+08:00,
VA_dy_v001_20260720170341565259,dy_v001,别墅光伏安装实拍,数字对比：电费从3000降到300,城市别墅业主电费高但不知道光伏能省多少,别墅业主,痛点开场 → 方案展示 → 数据对比 → 客户见证 → 引导咨询,数字对比型：我家XX平米装了光伏，一年省了X万,评论里很多人问'我家能装吗'——制造了代入感,强数字对比 + 真实案例 + 本地信任感,第15秒展示电费账单对比,本地案例 + 可上门测量,100,80,2026-07-20T17:03:41.565230+08:00,
VA_dy_v002_20260720170341572271,dy_v002,阳光房光伏改造案例,场景痛点：阳光房太晒怎么办？一个方案解决两个问题,阳光房夏天太热、冬天太冷,阳光房/露台业主,场景展示 → 问题提出 → 解决方案 → 效果展示 → 引导咨询,场景痛点型：阳光房太晒？装光伏一举两得,很多人有阳光房但不知道能装光伏,差异化场景 + 一石二鸟（遮阳+发电）,第10秒展示装光伏前后的温度对比,遮阳+发电双重价值,100,80,2026-07-20T17:03:41.572246+08:00,
VA_dy_v003_20260720170341588742,dy_v003,家庭光伏安装流程,悬念式：光伏到底能不能省电？我用一年数据告诉你,普通家庭担心装了没用、回本慢,城市家庭,悬念开场 → 安装过程 → 数据展示 → 答疑 → CTA,疑问解答型：普通家庭装光伏，一年后我后悔了吗？,用真实数据打消疑虑，评论区变成咨询台,争议性话题 + 真实数据 + 情感共鸣,第20秒展示电费对比图,用真实用户数据建立信任,100,60,2026-07-20T17:03:41.588708+08:00,
VA_dy_v001_20260720170341604175,dy_v001,别墅光伏安装实拍,数字对比：电费从3000降到300,城市别墅业主电费高但不知道光伏能省多少,别墅业主,痛点开场 → 方案展示 → 数据对比 → 客户见证 → 引导咨询,数字对比型：我家XX平米装了光伏，一年省了X万,评论里很多人问'我家能装吗'——制造了代入感,强数字对比 + 真实案例 + 本地信任感,第15秒展示电费账单对比,本地案例 + 可上门测量,100,80,2026-07-20T17:03:41.604136+08:00,
VA_dy_v002_20260720170341610106,dy_v002,阳光房光伏改造案例,场景痛点：阳光房太晒怎么办？一个方案解决两个问题,阳光房夏天太热、冬天太冷,阳光房/露台业主,场景展示 → 问题提出 → 解决方案 → 效果展示 → 引导咨询,场景痛点型：阳光房太晒？装光伏一举两得,很多人有阳光房但不知道能装光伏,差异化场景 + 一石二鸟（遮阳+发电）,第10秒展示装光伏前后的温度对比,遮阳+发电双重价值,100,80,2026-07-20T17:03:41.610048+08:00,
VA_dy_v003_20260720170341616246,dy_v003,家庭光伏安装流程,悬念式：光伏到底能不能省电？我用一年数据告诉你,普通家庭担心装了没用、回本慢,城市家庭,悬念开场 → 安装过程 → 数据展示 → 答疑 → CTA,疑问解答型：普通家庭装光伏，一年后我后悔了吗？,用真实数据打消疑虑，评论区变成咨询台,争议性话题 + 真实数据 + 情感共鸣,第20秒展示电费对比图,用真实用户数据建立信任,100,60,2026-07-20T17:03:41.616214+08:00,
VA_dy_v001_20260720170341628520,dy_v001,别墅光伏安装实拍,数字对比：电费从3000降到300,城市别墅业主电费高但不知道光伏能省多少,别墅业主,痛点开场 → 方案展示 → 数据对比 → 客户见证 → 引导咨询,数字对比型：我家XX平米装了光伏，一年省了X万,评论里很多人问'我家能装吗'——制造了代入感,强数字对比 + 真实案例 + 本地信任感,第15秒展示电费账单对比,本地案例 + 可上门测量,100,80,2026-07-20T17:03:41.628436+08:00,
VA_dy_v002_20260720170341634859,dy_v002,阳光房光伏改造案例,场景痛点：阳光房太晒怎么办？一个方案解决两个问题,阳光房夏天太热、冬天太冷,阳光房/露台业主,场景展示 → 问题提出 → 解决方案 → 效果展示 → 引导咨询,场景痛点型：阳光房太晒？装光伏一举两得,很多人有阳光房但不知道能装光伏,差异化场景 + 一石二鸟（遮阳+发电）,第10秒展示装光伏前后的温度对比,遮阳+发电双重价值,100,80,2026-07-20T17:03:41.634827+08:00,
VA_dy_v003_20260720170341643133,dy_v003,家庭光伏安装流程,悬念式：光伏到底能不能省电？我用一年数据告诉你,普通家庭担心装了没用、回本慢,城市家庭,悬念开场 → 安装过程 → 数据展示 → 答疑 → CTA,疑问解答型：普通家庭装光伏，一年后我后悔了吗？,用真实数据打消疑虑，评论区变成咨询台,争议性话题 + 真实数据 + 情感共鸣,第20秒展示电费对比图,用真实用户数据建立信任,100,60,2026-07-20T17:03:41.643096+08:00,
VA_dy_v001_20260720170341655919,dy_v001,别墅光伏安装实拍,数字对比：电费从3000降到300,城市别墅业主电费高但不知道光伏能省多少,别墅业主,痛点开场 → 方案展示 → 数据对比 → 客户见证 → 引导咨询,数字对比型：我家XX平米装了光伏，一年省了X万,评论里很多人问'我家能装吗'——制造了代入感,强数字对比 + 真实案例 + 本地信任感,第15秒展示电费账单对比,本地案例 + 可上门测量,100,80,2026-07-20T17:03:41.655883+08:00,
VA_dy_v002_20260720170341661804,dy_v002,阳光房光伏改造案例,场景痛点：阳光房太晒怎么办？一个方案解决两个问题,阳光房夏天太热、冬天太冷,阳光房/露台业主,场景展示 → 问题提出 → 解决方案 → 效果展示 → 引导咨询,场景痛点型：阳光房太晒？装光伏一举两得,很多人有阳光房但不知道能装光伏,差异化场景 + 一石二鸟（遮阳+发电）,第10秒展示装光伏前后的温度对比,遮阳+发电双重价值,100,80,2026-07-20T17:03:41.661771+08:00,
VA_dy_v003_20260720170341671391,dy_v003,家庭光伏安装流程,悬念式：光伏到底能不能省电？我用一年数据告诉你,普通家庭担心装了没用、回本慢,城市家庭,悬念开场 → 安装过程 → 数据展示 → 答疑 → CTA,疑问解答型：普通家庭装光伏，一年后我后悔了吗？,用真实数据打消疑虑，评论区变成咨询台,争议性话题 + 真实数据 + 情感共鸣,第20秒展示电费对比图,用真实用户数据建立信任,100,60,2026-07-20T17:03:41.671353+08:00,
VA_dy_v001_20260720170341686451,dy_v001,别墅光伏安装实拍,数字对比：电费从3000降到300,城市别墅业主电费高但不知道光伏能省多少,别墅业主,痛点开场 → 方案展示 → 数据对比 → 客户见证 → 引导咨询,数字对比型：我家XX平米装了光伏，一年省了X万,评论里很多人问'我家能装吗'——制造了代入感,强数字对比 + 真实案例 + 本地信任感,第15秒展示电费账单对比,本地案例 + 可上门测量,100,80,2026-07-20T17:03:41.686418+08:00,
VA_dy_v002_20260720170341693433,dy_v002,阳光房光伏改造案例,场景痛点：阳光房太晒怎么办？一个方案解决两个问题,阳光房夏天太热、冬天太冷,阳光房/露台业主,场景展示 → 问题提出 → 解决方案 → 效果展示 → 引导咨询,场景痛点型：阳光房太晒？装光伏一举两得,很多人有阳光房但不知道能装光伏,差异化场景 + 一石二鸟（遮阳+发电）,第10秒展示装光伏前后的温度对比,遮阳+发电双重价值,100,80,2026-07-20T17:03:41.693393+08:00,
VA_dy_v003_20260720170341699653,dy_v003,家庭光伏安装流程,悬念式：光伏到底能不能省电？我用一年数据告诉你,普通家庭担心装了没用、回本慢,城市家庭,悬念开场 → 安装过程 → 数据展示 → 答疑 → CTA,疑问解答型：普通家庭装光伏，一年后我后悔了吗？,用真实数据打消疑虑，评论区变成咨询台,争议性话题 + 真实数据 + 情感共鸣,第20秒展示电费对比图,用真实用户数据建立信任,100,60,2026-07-20T17:03:41.699623+08:00,
VA_dy_v001_20260720170358932616,dy_v001,别墅光伏安装实拍,数字对比：电费从3000降到300,城市别墅业主电费高但不知道光伏能省多少,别墅业主,痛点开场 → 方案展示 → 数据对比 → 客户见证 → 引导咨询,数字对比型：我家XX平米装了光伏，一年省了X万,评论里很多人问'我家能装吗'——制造了代入感,强数字对比 + 真实案例 + 本地信任感,第15秒展示电费账单对比,本地案例 + 可上门测量,100,80,2026-07-20T17:03:58.932590+08:00,
VA_dy_v002_20260720170358937873,dy_v002,阳光房光伏改造案例,场景痛点：阳光房太晒怎么办？一个方案解决两个问题,阳光房夏天太热、冬天太冷,阳光房/露台业主,场景展示 → 问题提出 → 解决方案 → 效果展示 → 引导咨询,场景痛点型：阳光房太晒？装光伏一举两得,很多人有阳光房但不知道能装光伏,差异化场景 + 一石二鸟（遮阳+发电）,第10秒展示装光伏前后的温度对比,遮阳+发电双重价值,100,80,2026-07-20T17:03:58.937837+08:00,
VA_dy_v003_20260720170358947856,dy_v003,家庭光伏安装流程,悬念式：光伏到底能不能省电？我用一年数据告诉你,普通家庭担心装了没用、回本慢,城市家庭,悬念开场 → 安装过程 → 数据展示 → 答疑 → CTA,疑问解答型：普通家庭装光伏，一年后我后悔了吗？,用真实数据打消疑虑，评论区变成咨询台,争议性话题 + 真实数据 + 情感共鸣,第20秒展示电费对比图,用真实用户数据建立信任,100,60,2026-07-20T17:03:58.947836+08:00,
VA_dy_v001_20260720170358956243,dy_v001,别墅光伏安装实拍,数字对比：电费从3000降到300,城市别墅业主电费高但不知道光伏能省多少,别墅业主,痛点开场 → 方案展示 → 数据对比 → 客户见证 → 引导咨询,数字对比型：我家XX平米装了光伏，一年省了X万,评论里很多人问'我家能装吗'——制造了代入感,强数字对比 + 真实案例 + 本地信任感,第15秒展示电费账单对比,本地案例 + 可上门测量,100,80,2026-07-20T17:03:58.956219+08:00,
VA_dy_v002_20260720170358962069,dy_v002,阳光房光伏改造案例,场景痛点：阳光房太晒怎么办？一个方案解决两个问题,阳光房夏天太热、冬天太冷,阳光房/露台业主,场景展示 → 问题提出 → 解决方案 → 效果展示 → 引导咨询,场景痛点型：阳光房太晒？装光伏一举两得,很多人有阳光房但不知道能装光伏,差异化场景 + 一石二鸟（遮阳+发电）,第10秒展示装光伏前后的温度对比,遮阳+发电双重价值,100,80,2026-07-20T17:03:58.962046+08:00,
VA_dy_v003_20260720170358967372,dy_v003,家庭光伏安装流程,悬念式：光伏到底能不能省电？我用一年数据告诉你,普通家庭担心装了没用、回本慢,城市家庭,悬念开场 → 安装过程 → 数据展示 → 答疑 → CTA,疑问解答型：普通家庭装光伏，一年后我后悔了吗？,用真实数据打消疑虑，评论区变成咨询台,争议性话题 + 真实数据 + 情感共鸣,第20秒展示电费对比图,用真实用户数据建立信任,100,60,2026-07-20T17:03:58.967337+08:00,
VA_dy_v001_20260720170358983094,dy_v001,别墅光伏安装实拍,数字对比：电费从3000降到300,城市别墅业主电费高但不知道光伏能省多少,别墅业主,痛点开场 → 方案展示 → 数据对比 → 客户见证 → 引导咨询,数字对比型：我家XX平米装了光伏，一年省了X万,评论里很多人问'我家能装吗'——制造了代入感,强数字对比 + 真实案例 + 本地信任感,第15秒展示电费账单对比,本地案例 + 可上门测量,100,80,2026-07-20T17:03:58.983064+08:00,
VA_dy_v002_20260720170358987107,dy_v002,阳光房光伏改造案例,场景痛点：阳光房太晒怎么办？一个方案解决两个问题,阳光房夏天太热、冬天太冷,阳光房/露台业主,场景展示 → 问题提出 → 解决方案 → 效果展示 → 引导咨询,场景痛点型：阳光房太晒？装光伏一举两得,很多人有阳光房但不知道能装光伏,差异化场景 + 一石二鸟（遮阳+发电）,第10秒展示装光伏前后的温度对比,遮阳+发电双重价值,100,80,2026-07-20T17:03:58.987083+08:00,
VA_dy_v003_20260720170358997924,dy_v003,家庭光伏安装流程,悬念式：光伏到底能不能省电？我用一年数据告诉你,普通家庭担心装了没用、回本慢,城市家庭,悬念开场 → 安装过程 → 数据展示 → 答疑 → CTA,疑问解答型：普通家庭装光伏，一年后我后悔了吗？,用真实数据打消疑虑，评论区变成咨询台,争议性话题 + 真实数据 + 情感共鸣,第20秒展示电费对比图,用真实用户数据建立信任,100,60,2026-07-20T17:03:58.997901+08:00,
VA_dy_v001_20260720170359007817,dy_v001,别墅光伏安装实拍,数字对比：电费从3000降到300,城市别墅业主电费高但不知道光伏能省多少,别墅业主,痛点开场 → 方案展示 → 数据对比 → 客户见证 → 引导咨询,数字对比型：我家XX平米装了光伏，一年省了X万,评论里很多人问'我家能装吗'——制造了代入感,强数字对比 + 真实案例 + 本地信任感,第15秒展示电费账单对比,本地案例 + 可上门测量,100,80,2026-07-20T17:03:59.007797+08:00,
VA_dy_v002_20260720170359015709,dy_v002,阳光房光伏改造案例,场景痛点：阳光房太晒怎么办？一个方案解决两个问题,阳光房夏天太热、冬天太冷,阳光房/露台业主,场景展示 → 问题提出 → 解决方案 → 效果展示 → 引导咨询,场景痛点型：阳光房太晒？装光伏一举两得,很多人有阳光房但不知道能装光伏,差异化场景 + 一石二鸟（遮阳+发电）,第10秒展示装光伏前后的温度对比,遮阳+发电双重价值,100,80,2026-07-20T17:03:59.015673+08:00,
VA_dy_v003_20260720170359019843,dy_v003,家庭光伏安装流程,悬念式：光伏到底能不能省电？我用一年数据告诉你,普通家庭担心装了没用、回本慢,城市家庭,悬念开场 → 安装过程 → 数据展示 → 答疑 → CTA,疑问解答型：普通家庭装光伏，一年后我后悔了吗？,用真实数据打消疑虑，评论区变成咨询台,争议性话题 + 真实数据 + 情感共鸣,第20秒展示电费对比图,用真实用户数据建立信任,100,60,2026-07-20T17:03:59.019790+08:00,
VA_dy_v001_20260720170359030657,dy_v001,别墅光伏安装实拍,数字对比：电费从3000降到300,城市别墅业主电费高但不知道光伏能省多少,别墅业主,痛点开场 → 方案展示 → 数据对比 → 客户见证 → 引导咨询,数字对比型：我家XX平米装了光伏，一年省了X万,评论里很多人问'我家能装吗'——制造了代入感,强数字对比 + 真实案例 + 本地信任感,第15秒展示电费账单对比,本地案例 + 可上门测量,100,80,2026-07-20T17:03:59.030635+08:00,
VA_dy_v002_20260720170359033466,dy_v002,阳光房光伏改造案例,场景痛点：阳光房太晒怎么办？一个方案解决两个问题,阳光房夏天太热、冬天太冷,阳光房/露台业主,场景展示 → 问题提出 → 解决方案 → 效果展示 → 引导咨询,场景痛点型：阳光房太晒？装光伏一举两得,很多人有阳光房但不知道能装光伏,差异化场景 + 一石二鸟（遮阳+发电）,第10秒展示装光伏前后的温度对比,遮阳+发电双重价值,100,80,2026-07-20T17:03:59.033398+08:00,
VA_dy_v003_20260720170359038935,dy_v003,家庭光伏安装流程,悬念式：光伏到底能不能省电？我用一年数据告诉你,普通家庭担心装了没用、回本慢,城市家庭,悬念开场 → 安装过程 → 数据展示 → 答疑 → CTA,疑问解答型：普通家庭装光伏，一年后我后悔了吗？,用真实数据打消疑虑，评论区变成咨询台,争议性话题 + 真实数据 + 情感共鸣,第20秒展示电费对比图,用真实用户数据建立信任,100,60,2026-07-20T17:03:59.038895+08:00,
VA_dy_v001_20260720170359188088,dy_v001,别墅光伏安装实拍,数字对比：电费从3000降到300,城市别墅业主电费高但不知道光伏能省多少,别墅业主,痛点开场 → 方案展示 → 数据对比 → 客户见证 → 引导咨询,数字对比型：我家XX平米装了光伏，一年省了X万,评论里很多人问'我家能装吗'——制造了代入感,强数字对比 + 真实案例 + 本地信任感,第15秒展示电费账单对比,本地案例 + 可上门测量,100,80,2026-07-20T17:03:59.188041+08:00,
VA_dy_v002_20260720170359194319,dy_v002,阳光房光伏改造案例,场景痛点：阳光房太晒怎么办？一个方案解决两个问题,阳光房夏天太热、冬天太冷,阳光房/露台业主,场景展示 → 问题提出 → 解决方案 → 效果展示 → 引导咨询,场景痛点型：阳光房太晒？装光伏一举两得,很多人有阳光房但不知道能装光伏,差异化场景 + 一石二鸟（遮阳+发电）,第10秒展示装光伏前后的温度对比,遮阳+发电双重价值,100,80,2026-07-20T17:03:59.194281+08:00,
VA_dy_v003_20260720170359199567,dy_v003,家庭光伏安装流程,悬念式：光伏到底能不能省电？我用一年数据告诉你,普通家庭担心装了没用、回本慢,城市家庭,悬念开场 → 安装过程 → 数据展示 → 答疑 → CTA,疑问解答型：普通家庭装光伏，一年后我后悔了吗？,用真实数据打消疑虑，评论区变成咨询台,争议性话题 + 真实数据 + 情感共鸣,第20秒展示电费对比图,用真实用户数据建立信任,100,60,2026-07-20T17:03:59.199546+08:00,
VA_dy_v001_20260720170359243697,dy_v001,别墅光伏安装实拍,数字对比：电费从3000降到300,城市别墅业主电费高但不知道光伏能省多少,别墅业主,痛点开场 → 方案展示 → 数据对比 → 客户见证 → 引导咨询,数字对比型：我家XX平米装了光伏，一年省了X万,评论里很多人问'我家能装吗'——制造了代入感,强数字对比 + 真实案例 + 本地信任感,第15秒展示电费账单对比,本地案例 + 可上门测量,100,80,2026-07-20T17:03:59.243667+08:00,
VA_dy_v002_20260720170359251657,dy_v002,阳光房光伏改造案例,场景痛点：阳光房太晒怎么办？一个方案解决两个问题,阳光房夏天太热、冬天太冷,阳光房/露台业主,场景展示 → 问题提出 → 解决方案 → 效果展示 → 引导咨询,场景痛点型：阳光房太晒？装光伏一举两得,很多人有阳光房但不知道能装光伏,差异化场景 + 一石二鸟（遮阳+发电）,第10秒展示装光伏前后的温度对比,遮阳+发电双重价值,100,80,2026-07-20T17:03:59.251632+08:00,
VA_dy_v003_20260720170359263836,dy_v003,家庭光伏安装流程,悬念式：光伏到底能不能省电？我用一年数据告诉你,普通家庭担心装了没用、回本慢,城市家庭,悬念开场 → 安装过程 → 数据展示 → 答疑 → CTA,疑问解答型：普通家庭装光伏，一年后我后悔了吗？,用真实数据打消疑虑，评论区变成咨询台,争议性话题 + 真实数据 + 情感共鸣,第20秒展示电费对比图,用真实用户数据建立信任,100,60,2026-07-20T17:03:59.263740+08:00,
VA_dy_v001_20260720170359279275,dy_v001,别墅光伏安装实拍,数字对比：电费从3000降到300,城市别墅业主电费高但不知道光伏能省多少,别墅业主,痛点开场 → 方案展示 → 数据对比 → 客户见证 → 引导咨询,数字对比型：我家XX平米装了光伏，一年省了X万,评论里很多人问'我家能装吗'——制造了代入感,强数字对比 + 真实案例 + 本地信任感,第15秒展示电费账单对比,本地案例 + 可上门测量,100,80,2026-07-20T17:03:59.279244+08:00,
VA_dy_v002_20260720170359285553,dy_v002,阳光房光伏改造案例,场景痛点：阳光房太晒怎么办？一个方案解决两个问题,阳光房夏天太热、冬天太冷,阳光房/露台业主,场景展示 → 问题提出 → 解决方案 → 效果展示 → 引导咨询,场景痛点型：阳光房太晒？装光伏一举两得,很多人有阳光房但不知道能装光伏,差异化场景 + 一石二鸟（遮阳+发电）,第10秒展示装光伏前后的温度对比,遮阳+发电双重价值,100,80,2026-07-20T17:03:59.285527+08:00,
VA_dy_v003_20260720170359293776,dy_v003,家庭光伏安装流程,悬念式：光伏到底能不能省电？我用一年数据告诉你,普通家庭担心装了没用、回本慢,城市家庭,悬念开场 → 安装过程 → 数据展示 → 答疑 → CTA,疑问解答型：普通家庭装光伏，一年后我后悔了吗？,用真实数据打消疑虑，评论区变成咨询台,争议性话题 + 真实数据 + 情感共鸣,第20秒展示电费对比图,用真实用户数据建立信任,100,60,2026-07-20T17:03:59.293744+08:00,
VA_dy_v001_20260720170359316437,dy_v001,别墅光伏安装实拍,数字对比：电费从3000降到300,城市别墅业主电费高但不知道光伏能省多少,别墅业主,痛点开场 → 方案展示 → 数据对比 → 客户见证 → 引导咨询,数字对比型：我家XX平米装了光伏，一年省了X万,评论里很多人问'我家能装吗'——制造了代入感,强数字对比 + 真实案例 + 本地信任感,第15秒展示电费账单对比,本地案例 + 可上门测量,100,80,2026-07-20T17:03:59.316411+08:00,
VA_dy_v002_20260720170359327830,dy_v002,阳光房光伏改造案例,场景痛点：阳光房太晒怎么办？一个方案解决两个问题,阳光房夏天太热、冬天太冷,阳光房/露台业主,场景展示 → 问题提出 → 解决方案 → 效果展示 → 引导咨询,场景痛点型：阳光房太晒？装光伏一举两得,很多人有阳光房但不知道能装光伏,差异化场景 + 一石二鸟（遮阳+发电）,第10秒展示装光伏前后的温度对比,遮阳+发电双重价值,100,80,2026-07-20T17:03:59.327794+08:00,
VA_dy_v003_20260720170359334255,dy_v003,家庭光伏安装流程,悬念式：光伏到底能不能省电？我用一年数据告诉你,普通家庭担心装了没用、回本慢,城市家庭,悬念开场 → 安装过程 → 数据展示 → 答疑 → CTA,疑问解答型：普通家庭装光伏，一年后我后悔了吗？,用真实数据打消疑虑，评论区变成咨询台,争议性话题 + 真实数据 + 情感共鸣,第20秒展示电费对比图,用真实用户数据建立信任,100,60,2026-07-20T17:03:59.334225+08:00,
VA_dy_v001_20260720170359351648,dy_v001,别墅光伏安装实拍,数字对比：电费从3000降到300,城市别墅业主电费高但不知道光伏能省多少,别墅业主,痛点开场 → 方案展示 → 数据对比 → 客户见证 → 引导咨询,数字对比型：我家XX平米装了光伏，一年省了X万,评论里很多人问'我家能装吗'——制造了代入感,强数字对比 + 真实案例 + 本地信任感,第15秒展示电费账单对比,本地案例 + 可上门测量,100,80,2026-07-20T17:03:59.351622+08:00,
VA_dy_v002_20260720170359359964,dy_v002,阳光房光伏改造案例,场景痛点：阳光房太晒怎么办？一个方案解决两个问题,阳光房夏天太热、冬天太冷,阳光房/露台业主,场景展示 → 问题提出 → 解决方案 → 效果展示 → 引导咨询,场景痛点型：阳光房太晒？装光伏一举两得,很多人有阳光房但不知道能装光伏,差异化场景 + 一石二鸟（遮阳+发电）,第10秒展示装光伏前后的温度对比,遮阳+发电双重价值,100,80,2026-07-20T17:03:59.359926+08:00,
VA_dy_v003_20260720170359369051,dy_v003,家庭光伏安装流程,悬念式：光伏到底能不能省电？我用一年数据告诉你,普通家庭担心装了没用、回本慢,城市家庭,悬念开场 → 安装过程 → 数据展示 → 答疑 → CTA,疑问解答型：普通家庭装光伏，一年后我后悔了吗？,用真实数据打消疑虑，评论区变成咨询台,争议性话题 + 真实数据 + 情感共鸣,第20秒展示电费对比图,用真实用户数据建立信任,100,60,2026-07-20T17:03:59.369024+08:00,
VA_dy_v001_20260720170415829374,dy_v001,别墅光伏安装实拍,数字对比：电费从3000降到300,城市别墅业主电费高但不知道光伏能省多少,别墅业主,痛点开场 → 方案展示 → 数据对比 → 客户见证 → 引导咨询,数字对比型：我家XX平米装了光伏，一年省了X万,评论里很多人问'我家能装吗'——制造了代入感,强数字对比 + 真实案例 + 本地信任感,第15秒展示电费账单对比,本地案例 + 可上门测量,100,80,2026-07-20T17:04:15.829355+08:00,
VA_dy_v002_20260720170415836114,dy_v002,阳光房光伏改造案例,场景痛点：阳光房太晒怎么办？一个方案解决两个问题,阳光房夏天太热、冬天太冷,阳光房/露台业主,场景展示 → 问题提出 → 解决方案 → 效果展示 → 引导咨询,场景痛点型：阳光房太晒？装光伏一举两得,很多人有阳光房但不知道能装光伏,差异化场景 + 一石二鸟（遮阳+发电）,第10秒展示装光伏前后的温度对比,遮阳+发电双重价值,100,80,2026-07-20T17:04:15.836086+08:00,
VA_dy_v003_20260720170415843066,dy_v003,家庭光伏安装流程,悬念式：光伏到底能不能省电？我用一年数据告诉你,普通家庭担心装了没用、回本慢,城市家庭,悬念开场 → 安装过程 → 数据展示 → 答疑 → CTA,疑问解答型：普通家庭装光伏，一年后我后悔了吗？,用真实数据打消疑虑，评论区变成咨询台,争议性话题 + 真实数据 + 情感共鸣,第20秒展示电费对比图,用真实用户数据建立信任,100,60,2026-07-20T17:04:15.843031+08:00,
VA_dy_v001_20260720170415851447,dy_v001,别墅光伏安装实拍,数字对比：电费从3000降到300,城市别墅业主电费高但不知道光伏能省多少,别墅业主,痛点开场 → 方案展示 → 数据对比 → 客户见证 → 引导咨询,数字对比型：我家XX平米装了光伏，一年省了X万,评论里很多人问'我家能装吗'——制造了代入感,强数字对比 + 真实案例 + 本地信任感,第15秒展示电费账单对比,本地案例 + 可上门测量,100,80,2026-07-20T17:04:15.851423+08:00,
VA_dy_v002_20260720170415856907,dy_v002,阳光房光伏改造案例,场景痛点：阳光房太晒怎么办？一个方案解决两个问题,阳光房夏天太热、冬天太冷,阳光房/露台业主,场景展示 → 问题提出 → 解决方案 → 效果展示 → 引导咨询,场景痛点型：阳光房太晒？装光伏一举两得,很多人有阳光房但不知道能装光伏,差异化场景 + 一石二鸟（遮阳+发电）,第10秒展示装光伏前后的温度对比,遮阳+发电双重价值,100,80,2026-07-20T17:04:15.856881+08:00,
VA_dy_v003_20260720170415863998,dy_v003,家庭光伏安装流程,悬念式：光伏到底能不能省电？我用一年数据告诉你,普通家庭担心装了没用、回本慢,城市家庭,悬念开场 → 安装过程 → 数据展示 → 答疑 → CTA,疑问解答型：普通家庭装光伏，一年后我后悔了吗？,用真实数据打消疑虑，评论区变成咨询台,争议性话题 + 真实数据 + 情感共鸣,第20秒展示电费对比图,用真实用户数据建立信任,100,60,2026-07-20T17:04:15.863968+08:00,
VA_dy_v001_20260720170415877679,dy_v001,别墅光伏安装实拍,数字对比：电费从3000降到300,城市别墅业主电费高但不知道光伏能省多少,别墅业主,痛点开场 → 方案展示 → 数据对比 → 客户见证 → 引导咨询,数字对比型：我家XX平米装了光伏，一年省了X万,评论里很多人问'我家能装吗'——制造了代入感,强数字对比 + 真实案例 + 本地信任感,第15秒展示电费账单对比,本地案例 + 可上门测量,100,80,2026-07-20T17:04:15.877642+08:00,
VA_dy_v002_20260720170415883986,dy_v002,阳光房光伏改造案例,场景痛点：阳光房太晒怎么办？一个方案解决两个问题,阳光房夏天太热、冬天太冷,阳光房/露台业主,场景展示 → 问题提出 → 解决方案 → 效果展示 → 引导咨询,场景痛点型：阳光房太晒？装光伏一举两得,很多人有阳光房但不知道能装光伏,差异化场景 + 一石二鸟（遮阳+发电）,第10秒展示装光伏前后的温度对比,遮阳+发电双重价值,100,80,2026-07-20T17:04:15.883955+08:00,
VA_dy_v003_20260720170415895559,dy_v003,家庭光伏安装流程,悬念式：光伏到底能不能省电？我用一年数据告诉你,普通家庭担心装了没用、回本慢,城市家庭,悬念开场 → 安装过程 → 数据展示 → 答疑 → CTA,疑问解答型：普通家庭装光伏，一年后我后悔了吗？,用真实数据打消疑虑，评论区变成咨询台,争议性话题 + 真实数据 + 情感共鸣,第20秒展示电费对比图,用真实用户数据建立信任,100,60,2026-07-20T17:04:15.895526+08:00,
VA_dy_v001_20260720170415905330,dy_v001,别墅光伏安装实拍,数字对比：电费从3000降到300,城市别墅业主电费高但不知道光伏能省多少,别墅业主,痛点开场 → 方案展示 → 数据对比 → 客户见证 → 引导咨询,数字对比型：我家XX平米装了光伏，一年省了X万,评论里很多人问'我家能装吗'——制造了代入感,强数字对比 + 真实案例 + 本地信任感,第15秒展示电费账单对比,本地案例 + 可上门测量,100,80,2026-07-20T17:04:15.905313+08:00,
VA_dy_v002_20260720170415911879,dy_v002,阳光房光伏改造案例,场景痛点：阳光房太晒怎么办？一个方案解决两个问题,阳光房夏天太热、冬天太冷,阳光房/露台业主,场景展示 → 问题提出 → 解决方案 → 效果展示 → 引导咨询,场景痛点型：阳光房太晒？装光伏一举两得,很多人有阳光房但不知道能装光伏,差异化场景 + 一石二鸟（遮阳+发电）,第10秒展示装光伏前后的温度对比,遮阳+发电双重价值,100,80,2026-07-20T17:04:15.911844+08:00,
VA_dy_v003_20260720170415916680,dy_v003,家庭光伏安装流程,悬念式：光伏到底能不能省电？我用一年数据告诉你,普通家庭担心装了没用、回本慢,城市家庭,悬念开场 → 安装过程 → 数据展示 → 答疑 → CTA,疑问解答型：普通家庭装光伏，一年后我后悔了吗？,用真实数据打消疑虑，评论区变成咨询台,争议性话题 + 真实数据 + 情感共鸣,第20秒展示电费对比图,用真实用户数据建立信任,100,60,2026-07-20T17:04:15.916658+08:00,
VA_dy_v001_20260720170415926024,dy_v001,别墅光伏安装实拍,数字对比：电费从3000降到300,城市别墅业主电费高但不知道光伏能省多少,别墅业主,痛点开场 → 方案展示 → 数据对比 → 客户见证 → 引导咨询,数字对比型：我家XX平米装了光伏，一年省了X万,评论里很多人问'我家能装吗'——制造了代入感,强数字对比 + 真实案例 + 本地信任感,第15秒展示电费账单对比,本地案例 + 可上门测量,100,80,2026-07-20T17:04:15.925995+08:00,
VA_dy_v002_20260720170415934397,dy_v002,阳光房光伏改造案例,场景痛点：阳光房太晒怎么办？一个方案解决两个问题,阳光房夏天太热、冬天太冷,阳光房/露台业主,场景展示 → 问题提出 → 解决方案 → 效果展示 → 引导咨询,场景痛点型：阳光房太晒？装光伏一举两得,很多人有阳光房但不知道能装光伏,差异化场景 + 一石二鸟（遮阳+发电）,第10秒展示装光伏前后的温度对比,遮阳+发电双重价值,100,80,2026-07-20T17:04:15.934316+08:00,
VA_dy_v003_20260720170415940547,dy_v003,家庭光伏安装流程,悬念式：光伏到底能不能省电？我用一年数据告诉你,普通家庭担心装了没用、回本慢,城市家庭,悬念开场 → 安装过程 → 数据展示 → 答疑 → CTA,疑问解答型：普通家庭装光伏，一年后我后悔了吗？,用真实数据打消疑虑，评论区变成咨询台,争议性话题 + 真实数据 + 情感共鸣,第20秒展示电费对比图,用真实用户数据建立信任,100,60,2026-07-20T17:04:15.940514+08:00,
VA_dy_v001_20260720170416022554,dy_v001,别墅光伏安装实拍,数字对比：电费从3000降到300,城市别墅业主电费高但不知道光伏能省多少,别墅业主,痛点开场 → 方案展示 → 数据对比 → 客户见证 → 引导咨询,数字对比型：我家XX平米装了光伏，一年省了X万,评论里很多人问'我家能装吗'——制造了代入感,强数字对比 + 真实案例 + 本地信任感,第15秒展示电费账单对比,本地案例 + 可上门测量,100,80,2026-07-20T17:04:16.022538+08:00,
VA_dy_v002_20260720170416032671,dy_v002,阳光房光伏改造案例,场景痛点：阳光房太晒怎么办？一个方案解决两个问题,阳光房夏天太热、冬天太冷,阳光房/露台业主,场景展示 → 问题提出 → 解决方案 → 效果展示 → 引导咨询,场景痛点型：阳光房太晒？装光伏一举两得,很多人有阳光房但不知道能装光伏,差异化场景 + 一石二鸟（遮阳+发电）,第10秒展示装光伏前后的温度对比,遮阳+发电双重价值,100,80,2026-07-20T17:04:16.032645+08:00,
VA_dy_v003_20260720170416036711,dy_v003,家庭光伏安装流程,悬念式：光伏到底能不能省电？我用一年数据告诉你,普通家庭担心装了没用、回本慢,城市家庭,悬念开场 → 安装过程 → 数据展示 → 答疑 → CTA,疑问解答型：普通家庭装光伏，一年后我后悔了吗？,用真实数据打消疑虑，评论区变成咨询台,争议性话题 + 真实数据 + 情感共鸣,第20秒展示电费对比图,用真实用户数据建立信任,100,60,2026-07-20T17:04:16.036688+08:00,
VA_dy_v001_20260720170416052320,dy_v001,别墅光伏安装实拍,数字对比：电费从3000降到300,城市别墅业主电费高但不知道光伏能省多少,别墅业主,痛点开场 → 方案展示 → 数据对比 → 客户见证 → 引导咨询,数字对比型：我家XX平米装了光伏，一年省了X万,评论里很多人问'我家能装吗'——制造了代入感,强数字对比 + 真实案例 + 本地信任感,第15秒展示电费账单对比,本地案例 + 可上门测量,100,80,2026-07-20T17:04:16.052291+08:00,
VA_dy_v002_20260720170416056448,dy_v002,阳光房光伏改造案例,场景痛点：阳光房太晒怎么办？一个方案解决两个问题,阳光房夏天太热、冬天太冷,阳光房/露台业主,场景展示 → 问题提出 → 解决方案 → 效果展示 → 引导咨询,场景痛点型：阳光房太晒？装光伏一举两得,很多人有阳光房但不知道能装光伏,差异化场景 + 一石二鸟（遮阳+发电）,第10秒展示装光伏前后的温度对比,遮阳+发电双重价值,100,80,2026-07-20T17:04:16.056429+08:00,
VA_dy_v003_20260720170416065872,dy_v003,家庭光伏安装流程,悬念式：光伏到底能不能省电？我用一年数据告诉你,普通家庭担心装了没用、回本慢,城市家庭,悬念开场 → 安装过程 → 数据展示 → 答疑 → CTA,疑问解答型：普通家庭装光伏，一年后我后悔了吗？,用真实数据打消疑虑，评论区变成咨询台,争议性话题 + 真实数据 + 情感共鸣,第20秒展示电费对比图,用真实用户数据建立信任,100,60,2026-07-20T17:04:16.065842+08:00,
VA_dy_v001_20260720170416076533,dy_v001,别墅光伏安装实拍,数字对比：电费从3000降到300,城市别墅业主电费高但不知道光伏能省多少,别墅业主,痛点开场 → 方案展示 → 数据对比 → 客户见证 → 引导咨询,数字对比型：我家XX平米装了光伏，一年省了X万,评论里很多人问'我家能装吗'——制造了代入感,强数字对比 + 真实案例 + 本地信任感,第15秒展示电费账单对比,本地案例 + 可上门测量,100,80,2026-07-20T17:04:16.076504+08:00,
VA_dy_v002_20260720170416085945,dy_v002,阳光房光伏改造案例,场景痛点：阳光房太晒怎么办？一个方案解决两个问题,阳光房夏天太热、冬天太冷,阳光房/露台业主,场景展示 → 问题提出 → 解决方案 → 效果展示 → 引导咨询,场景痛点型：阳光房太晒？装光伏一举两得,很多人有阳光房但不知道能装光伏,差异化场景 + 一石二鸟（遮阳+发电）,第10秒展示装光伏前后的温度对比,遮阳+发电双重价值,100,80,2026-07-20T17:04:16.085834+08:00,
VA_dy_v003_20260720170416093759,dy_v003,家庭光伏安装流程,悬念式：光伏到底能不能省电？我用一年数据告诉你,普通家庭担心装了没用、回本慢,城市家庭,悬念开场 → 安装过程 → 数据展示 → 答疑 → CTA,疑问解答型：普通家庭装光伏，一年后我后悔了吗？,用真实数据打消疑虑，评论区变成咨询台,争议性话题 + 真实数据 + 情感共鸣,第20秒展示电费对比图,用真实用户数据建立信任,100,60,2026-07-20T17:04:16.093733+08:00,
VA_dy_v001_20260720170416109549,dy_v001,别墅光伏安装实拍,数字对比：电费从3000降到300,城市别墅业主电费高但不知道光伏能省多少,别墅业主,痛点开场 → 方案展示 → 数据对比 → 客户见证 → 引导咨询,数字对比型：我家XX平米装了光伏，一年省了X万,评论里很多人问'我家能装吗'——制造了代入感,强数字对比 + 真实案例 + 本地信任感,第15秒展示电费账单对比,本地案例 + 可上门测量,100,80,2026-07-20T17:04:16.109527+08:00,
VA_dy_v002_20260720170416117128,dy_v002,阳光房光伏改造案例,场景痛点：阳光房太晒怎么办？一个方案解决两个问题,阳光房夏天太热、冬天太冷,阳光房/露台业主,场景展示 → 问题提出 → 解决方案 → 效果展示 → 引导咨询,场景痛点型：阳光房太晒？装光伏一举两得,很多人有阳光房但不知道能装光伏,差异化场景 + 一石二鸟（遮阳+发电）,第10秒展示装光伏前后的温度对比,遮阳+发电双重价值,100,80,2026-07-20T17:04:16.117096+08:00,
VA_dy_v003_20260720170416126654,dy_v003,家庭光伏安装流程,悬念式：光伏到底能不能省电？我用一年数据告诉你,普通家庭担心装了没用、回本慢,城市家庭,悬念开场 → 安装过程 → 数据展示 → 答疑 → CTA,疑问解答型：普通家庭装光伏，一年后我后悔了吗？,用真实数据打消疑虑，评论区变成咨询台,争议性话题 + 真实数据 + 情感共鸣,第20秒展示电费对比图,用真实用户数据建立信任,100,60,2026-07-20T17:04:16.126618+08:00,
VA_dy_v001_20260720170416145505,dy_v001,别墅光伏安装实拍,数字对比：电费从3000降到300,城市别墅业主电费高但不知道光伏能省多少,别墅业主,痛点开场 → 方案展示 → 数据对比 → 客户见证 → 引导咨询,数字对比型：我家XX平米装了光伏，一年省了X万,评论里很多人问'我家能装吗'——制造了代入感,强数字对比 + 真实案例 + 本地信任感,第15秒展示电费账单对比,本地案例 + 可上门测量,100,80,2026-07-20T17:04:16.145468+08:00,
VA_dy_v002_20260720170416152241,dy_v002,阳光房光伏改造案例,场景痛点：阳光房太晒怎么办？一个方案解决两个问题,阳光房夏天太热、冬天太冷,阳光房/露台业主,场景展示 → 问题提出 → 解决方案 → 效果展示 → 引导咨询,场景痛点型：阳光房太晒？装光伏一举两得,很多人有阳光房但不知道能装光伏,差异化场景 + 一石二鸟（遮阳+发电）,第10秒展示装光伏前后的温度对比,遮阳+发电双重价值,100,80,2026-07-20T17:04:16.152215+08:00,
VA_dy_v003_20260720170416163245,dy_v003,家庭光伏安装流程,悬念式：光伏到底能不能省电？我用一年数据告诉你,普通家庭担心装了没用、回本慢,城市家庭,悬念开场 → 安装过程 → 数据展示 → 答疑 → CTA,疑问解答型：普通家庭装光伏，一年后我后悔了吗？,用真实数据打消疑虑，评论区变成咨询台,争议性话题 + 真实数据 + 情感共鸣,第20秒展示电费对比图,用真实用户数据建立信任,100,60,2026-07-20T17:04:16.163215+08:00,
VA_dy_v001_20260720170433099586,dy_v001,别墅光伏安装实拍,数字对比：电费从3000降到300,城市别墅业主电费高但不知道光伏能省多少,别墅业主,痛点开场 → 方案展示 → 数据对比 → 客户见证 → 引导咨询,数字对比型：我家XX平米装了光伏，一年省了X万,评论里很多人问'我家能装吗'——制造了代入感,强数字对比 + 真实案例 + 本地信任感,第15秒展示电费账单对比,本地案例 + 可上门测量,100,80,2026-07-20T17:04:33.099569+08:00,
VA_dy_v002_20260720170433106438,dy_v002,阳光房光伏改造案例,场景痛点：阳光房太晒怎么办？一个方案解决两个问题,阳光房夏天太热、冬天太冷,阳光房/露台业主,场景展示 → 问题提出 → 解决方案 → 效果展示 → 引导咨询,场景痛点型：阳光房太晒？装光伏一举两得,很多人有阳光房但不知道能装光伏,差异化场景 + 一石二鸟（遮阳+发电）,第10秒展示装光伏前后的温度对比,遮阳+发电双重价值,100,80,2026-07-20T17:04:33.106418+08:00,
VA_dy_v003_20260720170433112086,dy_v003,家庭光伏安装流程,悬念式：光伏到底能不能省电？我用一年数据告诉你,普通家庭担心装了没用、回本慢,城市家庭,悬念开场 → 安装过程 → 数据展示 → 答疑 → CTA,疑问解答型：普通家庭装光伏，一年后我后悔了吗？,用真实数据打消疑虑，评论区变成咨询台,争议性话题 + 真实数据 + 情感共鸣,第20秒展示电费对比图,用真实用户数据建立信任,100,60,2026-07-20T17:04:33.112067+08:00,
VA_dy_v001_20260720170433121454,dy_v001,别墅光伏安装实拍,数字对比：电费从3000降到300,城市别墅业主电费高但不知道光伏能省多少,别墅业主,痛点开场 → 方案展示 → 数据对比 → 客户见证 → 引导咨询,数字对比型：我家XX平米装了光伏，一年省了X万,评论里很多人问'我家能装吗'——制造了代入感,强数字对比 + 真实案例 + 本地信任感,第15秒展示电费账单对比,本地案例 + 可上门测量,100,80,2026-07-20T17:04:33.121435+08:00,
VA_dy_v002_20260720170433125049,dy_v002,阳光房光伏改造案例,场景痛点：阳光房太晒怎么办？一个方案解决两个问题,阳光房夏天太热、冬天太冷,阳光房/露台业主,场景展示 → 问题提出 → 解决方案 → 效果展示 → 引导咨询,场景痛点型：阳光房太晒？装光伏一举两得,很多人有阳光房但不知道能装光伏,差异化场景 + 一石二鸟（遮阳+发电）,第10秒展示装光伏前后的温度对比,遮阳+发电双重价值,100,80,2026-07-20T17:04:33.125030+08:00,
VA_dy_v003_20260720170433133745,dy_v003,家庭光伏安装流程,悬念式：光伏到底能不能省电？我用一年数据告诉你,普通家庭担心装了没用、回本慢,城市家庭,悬念开场 → 安装过程 → 数据展示 → 答疑 → CTA,疑问解答型：普通家庭装光伏，一年后我后悔了吗？,用真实数据打消疑虑，评论区变成咨询台,争议性话题 + 真实数据 + 情感共鸣,第20秒展示电费对比图,用真实用户数据建立信任,100,60,2026-07-20T17:04:33.133724+08:00,
VA_dy_v001_20260720170433139307,dy_v001,别墅光伏安装实拍,数字对比：电费从3000降到300,城市别墅业主电费高但不知道光伏能省多少,别墅业主,痛点开场 → 方案展示 → 数据对比 → 客户见证 → 引导咨询,数字对比型：我家XX平米装了光伏，一年省了X万,评论里很多人问'我家能装吗'——制造了代入感,强数字对比 + 真实案例 + 本地信任感,第15秒展示电费账单对比,本地案例 + 可上门测量,100,80,2026-07-20T17:04:33.139291+08:00,
VA_dy_v002_20260720170433144461,dy_v002,阳光房光伏改造案例,场景痛点：阳光房太晒怎么办？一个方案解决两个问题,阳光房夏天太热、冬天太冷,阳光房/露台业主,场景展示 → 问题提出 → 解决方案 → 效果展示 → 引导咨询,场景痛点型：阳光房太晒？装光伏一举两得,很多人有阳光房但不知道能装光伏,差异化场景 + 一石二鸟（遮阳+发电）,第10秒展示装光伏前后的温度对比,遮阳+发电双重价值,100,80,2026-07-20T17:04:33.144437+08:00,
VA_dy_v003_20260720170433151384,dy_v003,家庭光伏安装流程,悬念式：光伏到底能不能省电？我用一年数据告诉你,普通家庭担心装了没用、回本慢,城市家庭,悬念开场 → 安装过程 → 数据展示 → 答疑 → CTA,疑问解答型：普通家庭装光伏，一年后我后悔了吗？,用真实数据打消疑虑，评论区变成咨询台,争议性话题 + 真实数据 + 情感共鸣,第20秒展示电费对比图,用真实用户数据建立信任,100,60,2026-07-20T17:04:33.151348+08:00,
VA_dy_v001_20260720170433160150,dy_v001,别墅光伏安装实拍,数字对比：电费从3000降到300,城市别墅业主电费高但不知道光伏能省多少,别墅业主,痛点开场 → 方案展示 → 数据对比 → 客户见证 → 引导咨询,数字对比型：我家XX平米装了光伏，一年省了X万,评论里很多人问'我家能装吗'——制造了代入感,强数字对比 + 真实案例 + 本地信任感,第15秒展示电费账单对比,本地案例 + 可上门测量,100,80,2026-07-20T17:04:33.160128+08:00,
VA_dy_v002_20260720170433165977,dy_v002,阳光房光伏改造案例,场景痛点：阳光房太晒怎么办？一个方案解决两个问题,阳光房夏天太热、冬天太冷,阳光房/露台业主,场景展示 → 问题提出 → 解决方案 → 效果展示 → 引导咨询,场景痛点型：阳光房太晒？装光伏一举两得,很多人有阳光房但不知道能装光伏,差异化场景 + 一石二鸟（遮阳+发电）,第10秒展示装光伏前后的温度对比,遮阳+发电双重价值,100,80,2026-07-20T17:04:33.165952+08:00,
VA_dy_v003_20260720170433174129,dy_v003,家庭光伏安装流程,悬念式：光伏到底能不能省电？我用一年数据告诉你,普通家庭担心装了没用、回本慢,城市家庭,悬念开场 → 安装过程 → 数据展示 → 答疑 → CTA,疑问解答型：普通家庭装光伏，一年后我后悔了吗？,用真实数据打消疑虑，评论区变成咨询台,争议性话题 + 真实数据 + 情感共鸣,第20秒展示电费对比图,用真实用户数据建立信任,100,60,2026-07-20T17:04:33.174111+08:00,
VA_dy_v001_20260720170433184763,dy_v001,别墅光伏安装实拍,数字对比：电费从3000降到300,城市别墅业主电费高但不知道光伏能省多少,别墅业主,痛点开场 → 方案展示 → 数据对比 → 客户见证 → 引导咨询,数字对比型：我家XX平米装了光伏，一年省了X万,评论里很多人问'我家能装吗'——制造了代入感,强数字对比 + 真实案例 + 本地信任感,第15秒展示电费账单对比,本地案例 + 可上门测量,100,80,2026-07-20T17:04:33.184730+08:00,
VA_dy_v002_20260720170433189339,dy_v002,阳光房光伏改造案例,场景痛点：阳光房太晒怎么办？一个方案解决两个问题,阳光房夏天太热、冬天太冷,阳光房/露台业主,场景展示 → 问题提出 → 解决方案 → 效果展示 → 引导咨询,场景痛点型：阳光房太晒？装光伏一举两得,很多人有阳光房但不知道能装光伏,差异化场景 + 一石二鸟（遮阳+发电）,第10秒展示装光伏前后的温度对比,遮阳+发电双重价值,100,80,2026-07-20T17:04:33.189320+08:00,
VA_dy_v003_20260720170433196013,dy_v003,家庭光伏安装流程,悬念式：光伏到底能不能省电？我用一年数据告诉你,普通家庭担心装了没用、回本慢,城市家庭,悬念开场 → 安装过程 → 数据展示 → 答疑 → CTA,疑问解答型：普通家庭装光伏，一年后我后悔了吗？,用真实数据打消疑虑，评论区变成咨询台,争议性话题 + 真实数据 + 情感共鸣,第20秒展示电费对比图,用真实用户数据建立信任,100,60,2026-07-20T17:04:33.195991+08:00,
VA_dy_v001_20260720170433281313,dy_v001,别墅光伏安装实拍,数字对比：电费从3000降到300,城市别墅业主电费高但不知道光伏能省多少,别墅业主,痛点开场 → 方案展示 → 数据对比 → 客户见证 → 引导咨询,数字对比型：我家XX平米装了光伏，一年省了X万,评论里很多人问'我家能装吗'——制造了代入感,强数字对比 + 真实案例 + 本地信任感,第15秒展示电费账单对比,本地案例 + 可上门测量,100,80,2026-07-20T17:04:33.281297+08:00,
VA_dy_v002_20260720170433285163,dy_v002,阳光房光伏改造案例,场景痛点：阳光房太晒怎么办？一个方案解决两个问题,阳光房夏天太热、冬天太冷,阳光房/露台业主,场景展示 → 问题提出 → 解决方案 → 效果展示 → 引导咨询,场景痛点型：阳光房太晒？装光伏一举两得,很多人有阳光房但不知道能装光伏,差异化场景 + 一石二鸟（遮阳+发电）,第10秒展示装光伏前后的温度对比,遮阳+发电双重价值,100,80,2026-07-20T17:04:33.285145+08:00,
VA_dy_v003_20260720170433293310,dy_v003,家庭光伏安装流程,悬念式：光伏到底能不能省电？我用一年数据告诉你,普通家庭担心装了没用、回本慢,城市家庭,悬念开场 → 安装过程 → 数据展示 → 答疑 → CTA,疑问解答型：普通家庭装光伏，一年后我后悔了吗？,用真实数据打消疑虑，评论区变成咨询台,争议性话题 + 真实数据 + 情感共鸣,第20秒展示电费对比图,用真实用户数据建立信任,100,60,2026-07-20T17:04:33.293276+08:00,
VA_dy_v001_20260720170433303097,dy_v001,别墅光伏安装实拍,数字对比：电费从3000降到300,城市别墅业主电费高但不知道光伏能省多少,别墅业主,痛点开场 → 方案展示 → 数据对比 → 客户见证 → 引导咨询,数字对比型：我家XX平米装了光伏，一年省了X万,评论里很多人问'我家能装吗'——制造了代入感,强数字对比 + 真实案例 + 本地信任感,第15秒展示电费账单对比,本地案例 + 可上门测量,100,80,2026-07-20T17:04:33.303074+08:00,
VA_dy_v002_20260720170433307240,dy_v002,阳光房光伏改造案例,场景痛点：阳光房太晒怎么办？一个方案解决两个问题,阳光房夏天太热、冬天太冷,阳光房/露台业主,场景展示 → 问题提出 → 解决方案 → 效果展示 → 引导咨询,场景痛点型：阳光房太晒？装光伏一举两得,很多人有阳光房但不知道能装光伏,差异化场景 + 一石二鸟（遮阳+发电）,第10秒展示装光伏前后的温度对比,遮阳+发电双重价值,100,80,2026-07-20T17:04:33.307205+08:00,
VA_dy_v003_20260720170433313151,dy_v003,家庭光伏安装流程,悬念式：光伏到底能不能省电？我用一年数据告诉你,普通家庭担心装了没用、回本慢,城市家庭,悬念开场 → 安装过程 → 数据展示 → 答疑 → CTA,疑问解答型：普通家庭装光伏，一年后我后悔了吗？,用真实数据打消疑虑，评论区变成咨询台,争议性话题 + 真实数据 + 情感共鸣,第20秒展示电费对比图,用真实用户数据建立信任,100,60,2026-07-20T17:04:33.313131+08:00,
VA_dy_v001_20260720170433323240,dy_v001,别墅光伏安装实拍,数字对比：电费从3000降到300,城市别墅业主电费高但不知道光伏能省多少,别墅业主,痛点开场 → 方案展示 → 数据对比 → 客户见证 → 引导咨询,数字对比型：我家XX平米装了光伏，一年省了X万,评论里很多人问'我家能装吗'——制造了代入感,强数字对比 + 真实案例 + 本地信任感,第15秒展示电费账单对比,本地案例 + 可上门测量,100,80,2026-07-20T17:04:33.323226+08:00,
VA_dy_v002_20260720170433328724,dy_v002,阳光房光伏改造案例,场景痛点：阳光房太晒怎么办？一个方案解决两个问题,阳光房夏天太热、冬天太冷,阳光房/露台业主,场景展示 → 问题提出 → 解决方案 → 效果展示 → 引导咨询,场景痛点型：阳光房太晒？装光伏一举两得,很多人有阳光房但不知道能装光伏,差异化场景 + 一石二鸟（遮阳+发电）,第10秒展示装光伏前后的温度对比,遮阳+发电双重价值,100,80,2026-07-20T17:04:33.328699+08:00,
VA_dy_v003_20260720170433337514,dy_v003,家庭光伏安装流程,悬念式：光伏到底能不能省电？我用一年数据告诉你,普通家庭担心装了没用、回本慢,城市家庭,悬念开场 → 安装过程 → 数据展示 → 答疑 → CTA,疑问解答型：普通家庭装光伏，一年后我后悔了吗？,用真实数据打消疑虑，评论区变成咨询台,争议性话题 + 真实数据 + 情感共鸣,第20秒展示电费对比图,用真实用户数据建立信任,100,60,2026-07-20T17:04:33.337492+08:00,
VA_dy_v001_20260720170433354625,dy_v001,别墅光伏安装实拍,数字对比：电费从3000降到300,城市别墅业主电费高但不知道光伏能省多少,别墅业主,痛点开场 → 方案展示 → 数据对比 → 客户见证 → 引导咨询,数字对比型：我家XX平米装了光伏，一年省了X万,评论里很多人问'我家能装吗'——制造了代入感,强数字对比 + 真实案例 + 本地信任感,第15秒展示电费账单对比,本地案例 + 可上门测量,100,80,2026-07-20T17:04:33.354604+08:00,
VA_dy_v002_20260720170433358400,dy_v002,阳光房光伏改造案例,场景痛点：阳光房太晒怎么办？一个方案解决两个问题,阳光房夏天太热、冬天太冷,阳光房/露台业主,场景展示 → 问题提出 → 解决方案 → 效果展示 → 引导咨询,场景痛点型：阳光房太晒？装光伏一举两得,很多人有阳光房但不知道能装光伏,差异化场景 + 一石二鸟（遮阳+发电）,第10秒展示装光伏前后的温度对比,遮阳+发电双重价值,100,80,2026-07-20T17:04:33.358383+08:00,
VA_dy_v003_20260720170433370437,dy_v003,家庭光伏安装流程,悬念式：光伏到底能不能省电？我用一年数据告诉你,普通家庭担心装了没用、回本慢,城市家庭,悬念开场 → 安装过程 → 数据展示 → 答疑 → CTA,疑问解答型：普通家庭装光伏，一年后我后悔了吗？,用真实数据打消疑虑，评论区变成咨询台,争议性话题 + 真实数据 + 情感共鸣,第20秒展示电费对比图,用真实用户数据建立信任,100,60,2026-07-20T17:04:33.370398+08:00,
VA_dy_v001_20260720170433382064,dy_v001,别墅光伏安装实拍,数字对比：电费从3000降到300,城市别墅业主电费高但不知道光伏能省多少,别墅业主,痛点开场 → 方案展示 → 数据对比 → 客户见证 → 引导咨询,数字对比型：我家XX平米装了光伏，一年省了X万,评论里很多人问'我家能装吗'——制造了代入感,强数字对比 + 真实案例 + 本地信任感,第15秒展示电费账单对比,本地案例 + 可上门测量,100,80,2026-07-20T17:04:33.382032+08:00,
VA_dy_v002_20260720170433388283,dy_v002,阳光房光伏改造案例,场景痛点：阳光房太晒怎么办？一个方案解决两个问题,阳光房夏天太热、冬天太冷,阳光房/露台业主,场景展示 → 问题提出 → 解决方案 → 效果展示 → 引导咨询,场景痛点型：阳光房太晒？装光伏一举两得,很多人有阳光房但不知道能装光伏,差异化场景 + 一石二鸟（遮阳+发电）,第10秒展示装光伏前后的温度对比,遮阳+发电双重价值,100,80,2026-07-20T17:04:33.388263+08:00,
VA_dy_v003_20260720170433396977,dy_v003,家庭光伏安装流程,悬念式：光伏到底能不能省电？我用一年数据告诉你,普通家庭担心装了没用、回本慢,城市家庭,悬念开场 → 安装过程 → 数据展示 → 答疑 → CTA,疑问解答型：普通家庭装光伏，一年后我后悔了吗？,用真实数据打消疑虑，评论区变成咨询台,争议性话题 + 真实数据 + 情感共鸣,第20秒展示电费对比图,用真实用户数据建立信任,100,60,2026-07-20T17:04:33.396950+08:00,
VA_dy_v001_20260720173944864273,dy_v001,别墅光伏安装实拍,数字对比：电费从3000降到300,城市别墅业主电费高但不知道光伏能省多少,别墅业主,痛点开场 → 方案展示 → 数据对比 → 客户见证 → 引导咨询,数字对比型：我家XX平米装了光伏，一年省了X万,评论里很多人问'我家能装吗'——制造了代入感,强数字对比 + 真实案例 + 本地信任感,第15秒展示电费账单对比,本地案例 + 可上门测量,100,80,2026-07-20T17:39:44.864250+08:00,
VA_dy_v002_20260720173944868343,dy_v002,阳光房光伏改造案例,场景痛点：阳光房太晒怎么办？一个方案解决两个问题,阳光房夏天太热、冬天太冷,阳光房/露台业主,场景展示 → 问题提出 → 解决方案 → 效果展示 → 引导咨询,场景痛点型：阳光房太晒？装光伏一举两得,很多人有阳光房但不知道能装光伏,差异化场景 + 一石二鸟（遮阳+发电）,第10秒展示装光伏前后的温度对比,遮阳+发电双重价值,100,80,2026-07-20T17:39:44.868325+08:00,
VA_dy_v003_20260720173944875011,dy_v003,家庭光伏安装流程,悬念式：光伏到底能不能省电？我用一年数据告诉你,普通家庭担心装了没用、回本慢,城市家庭,悬念开场 → 安装过程 → 数据展示 → 答疑 → CTA,疑问解答型：普通家庭装光伏，一年后我后悔了吗？,用真实数据打消疑虑，评论区变成咨询台,争议性话题 + 真实数据 + 情感共鸣,第20秒展示电费对比图,用真实用户数据建立信任,100,60,2026-07-20T17:39:44.874964+08:00,
VA_dy_v001_20260720173944885820,dy_v001,别墅光伏安装实拍,数字对比：电费从3000降到300,城市别墅业主电费高但不知道光伏能省多少,别墅业主,痛点开场 → 方案展示 → 数据对比 → 客户见证 → 引导咨询,数字对比型：我家XX平米装了光伏，一年省了X万,评论里很多人问'我家能装吗'——制造了代入感,强数字对比 + 真实案例 + 本地信任感,第15秒展示电费账单对比,本地案例 + 可上门测量,100,80,2026-07-20T17:39:44.885716+08:00,
VA_dy_v002_20260720173944894226,dy_v002,阳光房光伏改造案例,场景痛点：阳光房太晒怎么办？一个方案解决两个问题,阳光房夏天太热、冬天太冷,阳光房/露台业主,场景展示 → 问题提出 → 解决方案 → 效果展示 → 引导咨询,场景痛点型：阳光房太晒？装光伏一举两得,很多人有阳光房但不知道能装光伏,差异化场景 + 一石二鸟（遮阳+发电）,第10秒展示装光伏前后的温度对比,遮阳+发电双重价值,100,80,2026-07-20T17:39:44.894064+08:00,
VA_dy_v003_20260720173944901141,dy_v003,家庭光伏安装流程,悬念式：光伏到底能不能省电？我用一年数据告诉你,普通家庭担心装了没用、回本慢,城市家庭,悬念开场 → 安装过程 → 数据展示 → 答疑 → CTA,疑问解答型：普通家庭装光伏，一年后我后悔了吗？,用真实数据打消疑虑，评论区变成咨询台,争议性话题 + 真实数据 + 情感共鸣,第20秒展示电费对比图,用真实用户数据建立信任,100,60,2026-07-20T17:39:44.901081+08:00,
VA_dy_v001_20260720173944915960,dy_v001,别墅光伏安装实拍,数字对比：电费从3000降到300,城市别墅业主电费高但不知道光伏能省多少,别墅业主,痛点开场 → 方案展示 → 数据对比 → 客户见证 → 引导咨询,数字对比型：我家XX平米装了光伏，一年省了X万,评论里很多人问'我家能装吗'——制造了代入感,强数字对比 + 真实案例 + 本地信任感,第15秒展示电费账单对比,本地案例 + 可上门测量,100,80,2026-07-20T17:39:44.915939+08:00,
VA_dy_v002_20260720173944922385,dy_v002,阳光房光伏改造案例,场景痛点：阳光房太晒怎么办？一个方案解决两个问题,阳光房夏天太热、冬天太冷,阳光房/露台业主,场景展示 → 问题提出 → 解决方案 → 效果展示 → 引导咨询,场景痛点型：阳光房太晒？装光伏一举两得,很多人有阳光房但不知道能装光伏,差异化场景 + 一石二鸟（遮阳+发电）,第10秒展示装光伏前后的温度对比,遮阳+发电双重价值,100,80,2026-07-20T17:39:44.922359+08:00,
VA_dy_v003_20260720173944931610,dy_v003,家庭光伏安装流程,悬念式：光伏到底能不能省电？我用一年数据告诉你,普通家庭担心装了没用、回本慢,城市家庭,悬念开场 → 安装过程 → 数据展示 → 答疑 → CTA,疑问解答型：普通家庭装光伏，一年后我后悔了吗？,用真实数据打消疑虑，评论区变成咨询台,争议性话题 + 真实数据 + 情感共鸣,第20秒展示电费对比图,用真实用户数据建立信任,100,60,2026-07-20T17:39:44.931563+08:00,
VA_dy_v001_20260720173944941598,dy_v001,别墅光伏安装实拍,数字对比：电费从3000降到300,城市别墅业主电费高但不知道光伏能省多少,别墅业主,痛点开场 → 方案展示 → 数据对比 → 客户见证 → 引导咨询,数字对比型：我家XX平米装了光伏，一年省了X万,评论里很多人问'我家能装吗'——制造了代入感,强数字对比 + 真实案例 + 本地信任感,第15秒展示电费账单对比,本地案例 + 可上门测量,100,80,2026-07-20T17:39:44.941574+08:00,
VA_dy_v002_20260720173944948803,dy_v002,阳光房光伏改造案例,场景痛点：阳光房太晒怎么办？一个方案解决两个问题,阳光房夏天太热、冬天太冷,阳光房/露台业主,场景展示 → 问题提出 → 解决方案 → 效果展示 → 引导咨询,场景痛点型：阳光房太晒？装光伏一举两得,很多人有阳光房但不知道能装光伏,差异化场景 + 一石二鸟（遮阳+发电）,第10秒展示装光伏前后的温度对比,遮阳+发电双重价值,100,80,2026-07-20T17:39:44.948783+08:00,
VA_dy_v003_20260720173944955173,dy_v003,家庭光伏安装流程,悬念式：光伏到底能不能省电？我用一年数据告诉你,普通家庭担心装了没用、回本慢,城市家庭,悬念开场 → 安装过程 → 数据展示 → 答疑 → CTA,疑问解答型：普通家庭装光伏，一年后我后悔了吗？,用真实数据打消疑虑，评论区变成咨询台,争议性话题 + 真实数据 + 情感共鸣,第20秒展示电费对比图,用真实用户数据建立信任,100,60,2026-07-20T17:39:44.955141+08:00,
VA_dy_v001_20260720173944968166,dy_v001,别墅光伏安装实拍,数字对比：电费从3000降到300,城市别墅业主电费高但不知道光伏能省多少,别墅业主,痛点开场 → 方案展示 → 数据对比 → 客户见证 → 引导咨询,数字对比型：我家XX平米装了光伏，一年省了X万,评论里很多人问'我家能装吗'——制造了代入感,强数字对比 + 真实案例 + 本地信任感,第15秒展示电费账单对比,本地案例 + 可上门测量,100,80,2026-07-20T17:39:44.968146+08:00,
VA_dy_v002_20260720173944977380,dy_v002,阳光房光伏改造案例,场景痛点：阳光房太晒怎么办？一个方案解决两个问题,阳光房夏天太热、冬天太冷,阳光房/露台业主,场景展示 → 问题提出 → 解决方案 → 效果展示 → 引导咨询,场景痛点型：阳光房太晒？装光伏一举两得,很多人有阳光房但不知道能装光伏,差异化场景 + 一石二鸟（遮阳+发电）,第10秒展示装光伏前后的温度对比,遮阳+发电双重价值,100,80,2026-07-20T17:39:44.977298+08:00,
VA_dy_v003_20260720173944987266,dy_v003,家庭光伏安装流程,悬念式：光伏到底能不能省电？我用一年数据告诉你,普通家庭担心装了没用、回本慢,城市家庭,悬念开场 → 安装过程 → 数据展示 → 答疑 → CTA,疑问解答型：普通家庭装光伏，一年后我后悔了吗？,用真实数据打消疑虑，评论区变成咨询台,争议性话题 + 真实数据 + 情感共鸣,第20秒展示电费对比图,用真实用户数据建立信任,100,60,2026-07-20T17:39:44.987224+08:00,
VA_dy_v001_20260720173945075893,dy_v001,别墅光伏安装实拍,数字对比：电费从3000降到300,城市别墅业主电费高但不知道光伏能省多少,别墅业主,痛点开场 → 方案展示 → 数据对比 → 客户见证 → 引导咨询,数字对比型：我家XX平米装了光伏，一年省了X万,评论里很多人问'我家能装吗'——制造了代入感,强数字对比 + 真实案例 + 本地信任感,第15秒展示电费账单对比,本地案例 + 可上门测量,100,80,2026-07-20T17:39:45.075857+08:00,
VA_dy_v002_20260720173945082630,dy_v002,阳光房光伏改造案例,场景痛点：阳光房太晒怎么办？一个方案解决两个问题,阳光房夏天太热、冬天太冷,阳光房/露台业主,场景展示 → 问题提出 → 解决方案 → 效果展示 → 引导咨询,场景痛点型：阳光房太晒？装光伏一举两得,很多人有阳光房但不知道能装光伏,差异化场景 + 一石二鸟（遮阳+发电）,第10秒展示装光伏前后的温度对比,遮阳+发电双重价值,100,80,2026-07-20T17:39:45.082610+08:00,
VA_dy_v003_20260720173945089390,dy_v003,家庭光伏安装流程,悬念式：光伏到底能不能省电？我用一年数据告诉你,普通家庭担心装了没用、回本慢,城市家庭,悬念开场 → 安装过程 → 数据展示 → 答疑 → CTA,疑问解答型：普通家庭装光伏，一年后我后悔了吗？,用真实数据打消疑虑，评论区变成咨询台,争议性话题 + 真实数据 + 情感共鸣,第20秒展示电费对比图,用真实用户数据建立信任,100,60,2026-07-20T17:39:45.089270+08:00,
VA_dy_v001_20260720173945098474,dy_v001,别墅光伏安装实拍,数字对比：电费从3000降到300,城市别墅业主电费高但不知道光伏能省多少,别墅业主,痛点开场 → 方案展示 → 数据对比 → 客户见证 → 引导咨询,数字对比型：我家XX平米装了光伏，一年省了X万,评论里很多人问'我家能装吗'——制造了代入感,强数字对比 + 真实案例 + 本地信任感,第15秒展示电费账单对比,本地案例 + 可上门测量,100,80,2026-07-20T17:39:45.098450+08:00,
VA_dy_v002_20260720173945103316,dy_v002,阳光房光伏改造案例,场景痛点：阳光房太晒怎么办？一个方案解决两个问题,阳光房夏天太热、冬天太冷,阳光房/露台业主,场景展示 → 问题提出 → 解决方案 → 效果展示 → 引导咨询,场景痛点型：阳光房太晒？装光伏一举两得,很多人有阳光房但不知道能装光伏,差异化场景 + 一石二鸟（遮阳+发电）,第10秒展示装光伏前后的温度对比,遮阳+发电双重价值,100,80,2026-07-20T17:39:45.103278+08:00,
VA_dy_v003_20260720173945115966,dy_v003,家庭光伏安装流程,悬念式：光伏到底能不能省电？我用一年数据告诉你,普通家庭担心装了没用、回本慢,城市家庭,悬念开场 → 安装过程 → 数据展示 → 答疑 → CTA,疑问解答型：普通家庭装光伏，一年后我后悔了吗？,用真实数据打消疑虑，评论区变成咨询台,争议性话题 + 真实数据 + 情感共鸣,第20秒展示电费对比图,用真实用户数据建立信任,100,60,2026-07-20T17:39:45.115940+08:00,
VA_dy_v001_20260720173945130376,dy_v001,别墅光伏安装实拍,数字对比：电费从3000降到300,城市别墅业主电费高但不知道光伏能省多少,别墅业主,痛点开场 → 方案展示 → 数据对比 → 客户见证 → 引导咨询,数字对比型：我家XX平米装了光伏，一年省了X万,评论里很多人问'我家能装吗'——制造了代入感,强数字对比 + 真实案例 + 本地信任感,第15秒展示电费账单对比,本地案例 + 可上门测量,100,80,2026-07-20T17:39:45.130307+08:00,
VA_dy_v002_20260720173945135716,dy_v002,阳光房光伏改造案例,场景痛点：阳光房太晒怎么办？一个方案解决两个问题,阳光房夏天太热、冬天太冷,阳光房/露台业主,场景展示 → 问题提出 → 解决方案 → 效果展示 → 引导咨询,场景痛点型：阳光房太晒？装光伏一举两得,很多人有阳光房但不知道能装光伏,差异化场景 + 一石二鸟（遮阳+发电）,第10秒展示装光伏前后的温度对比,遮阳+发电双重价值,100,80,2026-07-20T17:39:45.135697+08:00,
VA_dy_v003_20260720173945143843,dy_v003,家庭光伏安装流程,悬念式：光伏到底能不能省电？我用一年数据告诉你,普通家庭担心装了没用、回本慢,城市家庭,悬念开场 → 安装过程 → 数据展示 → 答疑 → CTA,疑问解答型：普通家庭装光伏，一年后我后悔了吗？,用真实数据打消疑虑，评论区变成咨询台,争议性话题 + 真实数据 + 情感共鸣,第20秒展示电费对比图,用真实用户数据建立信任,100,60,2026-07-20T17:39:45.143820+08:00,
VA_dy_v001_20260720173945159677,dy_v001,别墅光伏安装实拍,数字对比：电费从3000降到300,城市别墅业主电费高但不知道光伏能省多少,别墅业主,痛点开场 → 方案展示 → 数据对比 → 客户见证 → 引导咨询,数字对比型：我家XX平米装了光伏，一年省了X万,评论里很多人问'我家能装吗'——制造了代入感,强数字对比 + 真实案例 + 本地信任感,第15秒展示电费账单对比,本地案例 + 可上门测量,100,80,2026-07-20T17:39:45.159615+08:00,
VA_dy_v002_20260720173945170702,dy_v002,阳光房光伏改造案例,场景痛点：阳光房太晒怎么办？一个方案解决两个问题,阳光房夏天太热、冬天太冷,阳光房/露台业主,场景展示 → 问题提出 → 解决方案 → 效果展示 → 引导咨询,场景痛点型：阳光房太晒？装光伏一举两得,很多人有阳光房但不知道能装光伏,差异化场景 + 一石二鸟（遮阳+发电）,第10秒展示装光伏前后的温度对比,遮阳+发电双重价值,100,80,2026-07-20T17:39:45.170666+08:00,
VA_dy_v003_20260720173945180632,dy_v003,家庭光伏安装流程,悬念式：光伏到底能不能省电？我用一年数据告诉你,普通家庭担心装了没用、回本慢,城市家庭,悬念开场 → 安装过程 → 数据展示 → 答疑 → CTA,疑问解答型：普通家庭装光伏，一年后我后悔了吗？,用真实数据打消疑虑，评论区变成咨询台,争议性话题 + 真实数据 + 情感共鸣,第20秒展示电费对比图,用真实用户数据建立信任,100,60,2026-07-20T17:39:45.180592+08:00,
VA_dy_v001_20260720173945193807,dy_v001,别墅光伏安装实拍,数字对比：电费从3000降到300,城市别墅业主电费高但不知道光伏能省多少,别墅业主,痛点开场 → 方案展示 → 数据对比 → 客户见证 → 引导咨询,数字对比型：我家XX平米装了光伏，一年省了X万,评论里很多人问'我家能装吗'——制造了代入感,强数字对比 + 真实案例 + 本地信任感,第15秒展示电费账单对比,本地案例 + 可上门测量,100,80,2026-07-20T17:39:45.193761+08:00,
VA_dy_v002_20260720173945201114,dy_v002,阳光房光伏改造案例,场景痛点：阳光房太晒怎么办？一个方案解决两个问题,阳光房夏天太热、冬天太冷,阳光房/露台业主,场景展示 → 问题提出 → 解决方案 → 效果展示 → 引导咨询,场景痛点型：阳光房太晒？装光伏一举两得,很多人有阳光房但不知道能装光伏,差异化场景 + 一石二鸟（遮阳+发电）,第10秒展示装光伏前后的温度对比,遮阳+发电双重价值,100,80,2026-07-20T17:39:45.201094+08:00,
VA_dy_v003_20260720173945216904,dy_v003,家庭光伏安装流程,悬念式：光伏到底能不能省电？我用一年数据告诉你,普通家庭担心装了没用、回本慢,城市家庭,悬念开场 → 安装过程 → 数据展示 → 答疑 → CTA,疑问解答型：普通家庭装光伏，一年后我后悔了吗？,用真实数据打消疑虑，评论区变成咨询台,争议性话题 + 真实数据 + 情感共鸣,第20秒展示电费对比图,用真实用户数据建立信任,100,60,2026-07-20T17:39:45.216866+08:00,
VA_dy_v001_20260720173956989044,dy_v001,别墅光伏安装实拍,数字对比：电费从3000降到300,城市别墅业主电费高但不知道光伏能省多少,别墅业主,痛点开场 → 方案展示 → 数据对比 → 客户见证 → 引导咨询,数字对比型：我家XX平米装了光伏，一年省了X万,评论里很多人问'我家能装吗'——制造了代入感,强数字对比 + 真实案例 + 本地信任感,第15秒展示电费账单对比,本地案例 + 可上门测量,100,80,2026-07-20T17:39:56.989023+08:00,
VA_dy_v002_20260720173956995414,dy_v002,阳光房光伏改造案例,场景痛点：阳光房太晒怎么办？一个方案解决两个问题,阳光房夏天太热、冬天太冷,阳光房/露台业主,场景展示 → 问题提出 → 解决方案 → 效果展示 → 引导咨询,场景痛点型：阳光房太晒？装光伏一举两得,很多人有阳光房但不知道能装光伏,差异化场景 + 一石二鸟（遮阳+发电）,第10秒展示装光伏前后的温度对比,遮阳+发电双重价值,100,80,2026-07-20T17:39:56.995393+08:00,
VA_dy_v003_20260720173957001540,dy_v003,家庭光伏安装流程,悬念式：光伏到底能不能省电？我用一年数据告诉你,普通家庭担心装了没用、回本慢,城市家庭,悬念开场 → 安装过程 → 数据展示 → 答疑 → CTA,疑问解答型：普通家庭装光伏，一年后我后悔了吗？,用真实数据打消疑虑，评论区变成咨询台,争议性话题 + 真实数据 + 情感共鸣,第20秒展示电费对比图,用真实用户数据建立信任,100,60,2026-07-20T17:39:57.001521+08:00,
VA_dy_v001_20260720173957012138,dy_v001,别墅光伏安装实拍,数字对比：电费从3000降到300,城市别墅业主电费高但不知道光伏能省多少,别墅业主,痛点开场 → 方案展示 → 数据对比 → 客户见证 → 引导咨询,数字对比型：我家XX平米装了光伏，一年省了X万,评论里很多人问'我家能装吗'——制造了代入感,强数字对比 + 真实案例 + 本地信任感,第15秒展示电费账单对比,本地案例 + 可上门测量,100,80,2026-07-20T17:39:57.012117+08:00,
VA_dy_v002_20260720173957019433,dy_v002,阳光房光伏改造案例,场景痛点：阳光房太晒怎么办？一个方案解决两个问题,阳光房夏天太热、冬天太冷,阳光房/露台业主,场景展示 → 问题提出 → 解决方案 → 效果展示 → 引导咨询,场景痛点型：阳光房太晒？装光伏一举两得,很多人有阳光房但不知道能装光伏,差异化场景 + 一石二鸟（遮阳+发电）,第10秒展示装光伏前后的温度对比,遮阳+发电双重价值,100,80,2026-07-20T17:39:57.019413+08:00,
VA_dy_v003_20260720173957030643,dy_v003,家庭光伏安装流程,悬念式：光伏到底能不能省电？我用一年数据告诉你,普通家庭担心装了没用、回本慢,城市家庭,悬念开场 → 安装过程 → 数据展示 → 答疑 → CTA,疑问解答型：普通家庭装光伏，一年后我后悔了吗？,用真实数据打消疑虑，评论区变成咨询台,争议性话题 + 真实数据 + 情感共鸣,第20秒展示电费对比图,用真实用户数据建立信任,100,60,2026-07-20T17:39:57.030602+08:00,
VA_dy_v001_20260720173957039204,dy_v001,别墅光伏安装实拍,数字对比：电费从3000降到300,城市别墅业主电费高但不知道光伏能省多少,别墅业主,痛点开场 → 方案展示 → 数据对比 → 客户见证 → 引导咨询,数字对比型：我家XX平米装了光伏，一年省了X万,评论里很多人问'我家能装吗'——制造了代入感,强数字对比 + 真实案例 + 本地信任感,第15秒展示电费账单对比,本地案例 + 可上门测量,100,80,2026-07-20T17:39:57.039185+08:00,
VA_dy_v002_20260720173957045528,dy_v002,阳光房光伏改造案例,场景痛点：阳光房太晒怎么办？一个方案解决两个问题,阳光房夏天太热、冬天太冷,阳光房/露台业主,场景展示 → 问题提出 → 解决方案 → 效果展示 → 引导咨询,场景痛点型：阳光房太晒？装光伏一举两得,很多人有阳光房但不知道能装光伏,差异化场景 + 一石二鸟（遮阳+发电）,第10秒展示装光伏前后的温度对比,遮阳+发电双重价值,100,80,2026-07-20T17:39:57.045509+08:00,
VA_dy_v003_20260720173957051953,dy_v003,家庭光伏安装流程,悬念式：光伏到底能不能省电？我用一年数据告诉你,普通家庭担心装了没用、回本慢,城市家庭,悬念开场 → 安装过程 → 数据展示 → 答疑 → CTA,疑问解答型：普通家庭装光伏，一年后我后悔了吗？,用真实数据打消疑虑，评论区变成咨询台,争议性话题 + 真实数据 + 情感共鸣,第20秒展示电费对比图,用真实用户数据建立信任,100,60,2026-07-20T17:39:57.051933+08:00,
VA_dy_v001_20260720173957062996,dy_v001,别墅光伏安装实拍,数字对比：电费从3000降到300,城市别墅业主电费高但不知道光伏能省多少,别墅业主,痛点开场 → 方案展示 → 数据对比 → 客户见证 → 引导咨询,数字对比型：我家XX平米装了光伏，一年省了X万,评论里很多人问'我家能装吗'——制造了代入感,强数字对比 + 真实案例 + 本地信任感,第15秒展示电费账单对比,本地案例 + 可上门测量,100,80,2026-07-20T17:39:57.062979+08:00,
VA_dy_v002_20260720173957069265,dy_v002,阳光房光伏改造案例,场景痛点：阳光房太晒怎么办？一个方案解决两个问题,阳光房夏天太热、冬天太冷,阳光房/露台业主,场景展示 → 问题提出 → 解决方案 → 效果展示 → 引导咨询,场景痛点型：阳光房太晒？装光伏一举两得,很多人有阳光房但不知道能装光伏,差异化场景 + 一石二鸟（遮阳+发电）,第10秒展示装光伏前后的温度对比,遮阳+发电双重价值,100,80,2026-07-20T17:39:57.069245+08:00,
VA_dy_v003_20260720173957076818,dy_v003,家庭光伏安装流程,悬念式：光伏到底能不能省电？我用一年数据告诉你,普通家庭担心装了没用、回本慢,城市家庭,悬念开场 → 安装过程 → 数据展示 → 答疑 → CTA,疑问解答型：普通家庭装光伏，一年后我后悔了吗？,用真实数据打消疑虑，评论区变成咨询台,争议性话题 + 真实数据 + 情感共鸣,第20秒展示电费对比图,用真实用户数据建立信任,100,60,2026-07-20T17:39:57.076788+08:00,
VA_dy_v001_20260720173957085577,dy_v001,别墅光伏安装实拍,数字对比：电费从3000降到300,城市别墅业主电费高但不知道光伏能省多少,别墅业主,痛点开场 → 方案展示 → 数据对比 → 客户见证 → 引导咨询,数字对比型：我家XX平米装了光伏，一年省了X万,评论里很多人问'我家能装吗'——制造了代入感,强数字对比 + 真实案例 + 本地信任感,第15秒展示电费账单对比,本地案例 + 可上门测量,100,80,2026-07-20T17:39:57.085560+08:00,
VA_dy_v002_20260720173957091815,dy_v002,阳光房光伏改造案例,场景痛点：阳光房太晒怎么办？一个方案解决两个问题,阳光房夏天太热、冬天太冷,阳光房/露台业主,场景展示 → 问题提出 → 解决方案 → 效果展示 → 引导咨询,场景痛点型：阳光房太晒？装光伏一举两得,很多人有阳光房但不知道能装光伏,差异化场景 + 一石二鸟（遮阳+发电）,第10秒展示装光伏前后的温度对比,遮阳+发电双重价值,100,80,2026-07-20T17:39:57.091778+08:00,
VA_dy_v003_20260720173957099064,dy_v003,家庭光伏安装流程,悬念式：光伏到底能不能省电？我用一年数据告诉你,普通家庭担心装了没用、回本慢,城市家庭,悬念开场 → 安装过程 → 数据展示 → 答疑 → CTA,疑问解答型：普通家庭装光伏，一年后我后悔了吗？,用真实数据打消疑虑，评论区变成咨询台,争议性话题 + 真实数据 + 情感共鸣,第20秒展示电费对比图,用真实用户数据建立信任,100,60,2026-07-20T17:39:57.099038+08:00,
VA_dy_v001_20260720173957173736,dy_v001,别墅光伏安装实拍,数字对比：电费从3000降到300,城市别墅业主电费高但不知道光伏能省多少,别墅业主,痛点开场 → 方案展示 → 数据对比 → 客户见证 → 引导咨询,数字对比型：我家XX平米装了光伏，一年省了X万,评论里很多人问'我家能装吗'——制造了代入感,强数字对比 + 真实案例 + 本地信任感,第15秒展示电费账单对比,本地案例 + 可上门测量,100,80,2026-07-20T17:39:57.173711+08:00,
VA_dy_v002_20260720173957181570,dy_v002,阳光房光伏改造案例,场景痛点：阳光房太晒怎么办？一个方案解决两个问题,阳光房夏天太热、冬天太冷,阳光房/露台业主,场景展示 → 问题提出 → 解决方案 → 效果展示 → 引导咨询,场景痛点型：阳光房太晒？装光伏一举两得,很多人有阳光房但不知道能装光伏,差异化场景 + 一石二鸟（遮阳+发电）,第10秒展示装光伏前后的温度对比,遮阳+发电双重价值,100,80,2026-07-20T17:39:57.181545+08:00,
VA_dy_v003_20260720173957186919,dy_v003,家庭光伏安装流程,悬念式：光伏到底能不能省电？我用一年数据告诉你,普通家庭担心装了没用、回本慢,城市家庭,悬念开场 → 安装过程 → 数据展示 → 答疑 → CTA,疑问解答型：普通家庭装光伏，一年后我后悔了吗？,用真实数据打消疑虑，评论区变成咨询台,争议性话题 + 真实数据 + 情感共鸣,第20秒展示电费对比图,用真实用户数据建立信任,100,60,2026-07-20T17:39:57.186900+08:00,
VA_dy_v001_20260720173957196306,dy_v001,别墅光伏安装实拍,数字对比：电费从3000降到300,城市别墅业主电费高但不知道光伏能省多少,别墅业主,痛点开场 → 方案展示 → 数据对比 → 客户见证 → 引导咨询,数字对比型：我家XX平米装了光伏，一年省了X万,评论里很多人问'我家能装吗'——制造了代入感,强数字对比 + 真实案例 + 本地信任感,第15秒展示电费账单对比,本地案例 + 可上门测量,100,80,2026-07-20T17:39:57.196291+08:00,
VA_dy_v002_20260720173957202466,dy_v002,阳光房光伏改造案例,场景痛点：阳光房太晒怎么办？一个方案解决两个问题,阳光房夏天太热、冬天太冷,阳光房/露台业主,场景展示 → 问题提出 → 解决方案 → 效果展示 → 引导咨询,场景痛点型：阳光房太晒？装光伏一举两得,很多人有阳光房但不知道能装光伏,差异化场景 + 一石二鸟（遮阳+发电）,第10秒展示装光伏前后的温度对比,遮阳+发电双重价值,100,80,2026-07-20T17:39:57.202447+08:00,
VA_dy_v003_20260720173957213324,dy_v003,家庭光伏安装流程,悬念式：光伏到底能不能省电？我用一年数据告诉你,普通家庭担心装了没用、回本慢,城市家庭,悬念开场 → 安装过程 → 数据展示 → 答疑 → CTA,疑问解答型：普通家庭装光伏，一年后我后悔了吗？,用真实数据打消疑虑，评论区变成咨询台,争议性话题 + 真实数据 + 情感共鸣,第20秒展示电费对比图,用真实用户数据建立信任,100,60,2026-07-20T17:39:57.213289+08:00,
VA_dy_v001_20260720173957222880,dy_v001,别墅光伏安装实拍,数字对比：电费从3000降到300,城市别墅业主电费高但不知道光伏能省多少,别墅业主,痛点开场 → 方案展示 → 数据对比 → 客户见证 → 引导咨询,数字对比型：我家XX平米装了光伏，一年省了X万,评论里很多人问'我家能装吗'——制造了代入感,强数字对比 + 真实案例 + 本地信任感,第15秒展示电费账单对比,本地案例 + 可上门测量,100,80,2026-07-20T17:39:57.222859+08:00,
VA_dy_v002_20260720173957228864,dy_v002,阳光房光伏改造案例,场景痛点：阳光房太晒怎么办？一个方案解决两个问题,阳光房夏天太热、冬天太冷,阳光房/露台业主,场景展示 → 问题提出 → 解决方案 → 效果展示 → 引导咨询,场景痛点型：阳光房太晒？装光伏一举两得,很多人有阳光房但不知道能装光伏,差异化场景 + 一石二鸟（遮阳+发电）,第10秒展示装光伏前后的温度对比,遮阳+发电双重价值,100,80,2026-07-20T17:39:57.228843+08:00,
VA_dy_v003_20260720173957236391,dy_v003,家庭光伏安装流程,悬念式：光伏到底能不能省电？我用一年数据告诉你,普通家庭担心装了没用、回本慢,城市家庭,悬念开场 → 安装过程 → 数据展示 → 答疑 → CTA,疑问解答型：普通家庭装光伏，一年后我后悔了吗？,用真实数据打消疑虑，评论区变成咨询台,争议性话题 + 真实数据 + 情感共鸣,第20秒展示电费对比图,用真实用户数据建立信任,100,60,2026-07-20T17:39:57.236373+08:00,
VA_dy_v001_20260720173957250157,dy_v001,别墅光伏安装实拍,数字对比：电费从3000降到300,城市别墅业主电费高但不知道光伏能省多少,别墅业主,痛点开场 → 方案展示 → 数据对比 → 客户见证 → 引导咨询,数字对比型：我家XX平米装了光伏，一年省了X万,评论里很多人问'我家能装吗'——制造了代入感,强数字对比 + 真实案例 + 本地信任感,第15秒展示电费账单对比,本地案例 + 可上门测量,100,80,2026-07-20T17:39:57.250139+08:00,
VA_dy_v002_20260720173957255883,dy_v002,阳光房光伏改造案例,场景痛点：阳光房太晒怎么办？一个方案解决两个问题,阳光房夏天太热、冬天太冷,阳光房/露台业主,场景展示 → 问题提出 → 解决方案 → 效果展示 → 引导咨询,场景痛点型：阳光房太晒？装光伏一举两得,很多人有阳光房但不知道能装光伏,差异化场景 + 一石二鸟（遮阳+发电）,第10秒展示装光伏前后的温度对比,遮阳+发电双重价值,100,80,2026-07-20T17:39:57.255859+08:00,
VA_dy_v003_20260720173957266297,dy_v003,家庭光伏安装流程,悬念式：光伏到底能不能省电？我用一年数据告诉你,普通家庭担心装了没用、回本慢,城市家庭,悬念开场 → 安装过程 → 数据展示 → 答疑 → CTA,疑问解答型：普通家庭装光伏，一年后我后悔了吗？,用真实数据打消疑虑，评论区变成咨询台,争议性话题 + 真实数据 + 情感共鸣,第20秒展示电费对比图,用真实用户数据建立信任,100,60,2026-07-20T17:39:57.266274+08:00,
VA_dy_v001_20260720173957276510,dy_v001,别墅光伏安装实拍,数字对比：电费从3000降到300,城市别墅业主电费高但不知道光伏能省多少,别墅业主,痛点开场 → 方案展示 → 数据对比 → 客户见证 → 引导咨询,数字对比型：我家XX平米装了光伏，一年省了X万,评论里很多人问'我家能装吗'——制造了代入感,强数字对比 + 真实案例 + 本地信任感,第15秒展示电费账单对比,本地案例 + 可上门测量,100,80,2026-07-20T17:39:57.276450+08:00,
VA_dy_v002_20260720173957285032,dy_v002,阳光房光伏改造案例,场景痛点：阳光房太晒怎么办？一个方案解决两个问题,阳光房夏天太热、冬天太冷,阳光房/露台业主,场景展示 → 问题提出 → 解决方案 → 效果展示 → 引导咨询,场景痛点型：阳光房太晒？装光伏一举两得,很多人有阳光房但不知道能装光伏,差异化场景 + 一石二鸟（遮阳+发电）,第10秒展示装光伏前后的温度对比,遮阳+发电双重价值,100,80,2026-07-20T17:39:57.285013+08:00,
VA_dy_v003_20260720173957295194,dy_v003,家庭光伏安装流程,悬念式：光伏到底能不能省电？我用一年数据告诉你,普通家庭担心装了没用、回本慢,城市家庭,悬念开场 → 安装过程 → 数据展示 → 答疑 → CTA,疑问解答型：普通家庭装光伏，一年后我后悔了吗？,用真实数据打消疑虑，评论区变成咨询台,争议性话题 + 真实数据 + 情感共鸣,第20秒展示电费对比图,用真实用户数据建立信任,100,60,2026-07-20T17:39:57.295175+08:00,
